"pm10","pm2.5"
2,6.1
3,3.7
16,8.2
13,11.4
8,9.2
4,4.7
1,4.33555589943275
2,1.3
6,3.6
6,5.1
3,2.9
3,1.5
3,2
1,1.2
2,0.8
3,0.8
6,4.1
8,5.8
11,7
11,9.2
14,6.3
12,7.5
16,7.8
7,5.8
6,2.7
9,2
14,2.9
8,1.8
6,1.83527887975852
8,0.1
8,3.9
8,4.4
8,2.2
9,2.2
10,3.6
12,2.7
9,1.6
13,2.3
10,2.5
6,4.2
4,2.7
6,1.8
6,4.4
10,5.6
10,6.1
10,9.9
8,7.3
18,7.1
7,5.4
9,5.3
6,4.4
3,3.5
2,5.6
5,4.9
8,2.3
8,1.8
15,5.9
7,5.4
9,4.9
7,3.9
4,2.3
4,1.79825185595864
6,0.1
4,1
3,1.8
6,1.1
5,2.75395092854562
3,4.4
2,4.7
4,2.8
6,3.2
9,3
7,2.3
5,3.7
2,3
0,2.3
3,3.5
2,3.2
1,3
5,1.6
5,1.38812097725819
6,0.3
5,1.3
6,1
6,0.990724589248754
8,0.8
8,1.5
5,0.1
8,1.2220080149149
6,2
3,1
8,3.1
5,3.4
1,2.3
1.58854673334581,2.3
1.25891313767169,0.8
0,0.6
4,0.5
3,1
1,2.9
0,1.8
0.394569315596307,1.24692805076415
0,0
2,1.7
2,1.5
2,0.3
2,1.2
5,1.69714521694391
1,2.1224402625555
1.94849373622437,2.5477353081671
1,4.1
7,1.5
3,2.18413503594735
1,2.2
4,2.2
4,1.8
5,2.7
6,0.3
6,1.08043596473584
6,0.3
4,1.5
3,3.9
5,3.7
6,3.2
5,4.9
6,3.5
7,7.8
12,7.1
12,6.4
21,4.9
30,3.5
45,5.9
57,6.3
56,4.4
50,3.7
52,4.4
55,5.1
50,6.1
50,6.6
56,9.2
54,6.8
47,11.6
61,17.7
55,11.7
46,9.2
40,11.3
38,8.5
30,7.1
29,7.3
13,5.6
7,3.6
12,3.4
8,3.7
6,3.4
4,3.7
2,4.4
1,2.7
2,0.8
6,1.3
15,4.3
13,6.3
11,5.9
7,2.7
7,0.5
10,3.4
16,7.2
21,14.7
23,16
29,30.4
13,8.5
13,9.5
11,9.5
14,9
15,15
13,13.4
23,13.1
21,18.5
17,13.4
8,9.3
7,9
12,10.2
7,8.3
14,8.5
16,10.2
8,7.8
11,6.1
13,8.5
27,9
28,14.7
22,13.3
21,16
16,14.4
10,8.6
10,3.5
6,2.7
2,2.3
2,1.1
2,1.5
2,1.5
2,1.50841041116664
0,1.2
4,2
2,1.7
1,2.7
2,0.8
0,1.5
0,2.4
5,1.5
5,0
8,1.3
8,1
6,1.81204235626731
5,2.2
7,3
7,4.9
4,2.1
9,0.8
5,3.1
4,2.3
5,0.1
5,1.5
2,4.4
5,3.7
6,2.5
5,2.5
4,2
3,1.1
2,1.21444576737354
4,0.8
3,0.8
2,1.37107404446409
7,1.7
7,2.2
6,1.3
3,3.9
0,2.8
0,1.8
3,2.9
4,1.6
2,1.1
2,1.8
4,0.1
3,1.35797816847919
3,2.2
3,2.2
2.03940213484485,1
1.29219362848702,1.11500151921733
0,0.942197078414407
1.22749471630408,0.2
2,0.7
2,2.2
3,2.9
8,5.5
7,4.3
12,2.2
12,3.2
11,3.2
17,3.2
13,5.3
18,4.6
17,3.7
17,6.5
19,6.3
14,4.4
15,3.6
12,2.4
9,1.5
4,2.9
0,1.8
1,1.93132182140687
5,1.82857299960327
4,0.3
1,4.8
1,3.2
3,1
4,3.2
2,0.3
0,1.48940580899854
1,1.7
0,1.5
0,2.2
0,4.6
0,2.1
2,0.1
3,1.3
1,1.5
2,2.2
2,3.2
7,3.9
6,4.4
4,4.4
5,4.3
6,8.9
6,7.1
10,8.5
7,6.2
5,3.2
4,2.5
4,3.4
5,5.3
3,3.7
0,3.68185584635989
1,3.4661069542349
4,3.5
5,2.7
2,1.8
4,2.5
5,3.2
4,3
2,2
0,1.5
0,0.6
1,2.31698706347506
7,2.4
11,5.3
8,6.6
5,5.2
2,4.2
5,6.3
4,5.6
4,5.1
4,2.9
1,1.5
6,2.4
6,0.8
4,2.32134406678893
3,3.5
3,3.6
2,1
3,1.7
5,0.3
8,2.6
23,16.8
43,33.7
47,31.4
21,14.4
7,7.9
7,4.4
10,3.9
10,6.8
8,8.2
6,4.9
6,3.7
8,7.3
12,5.9
7,7
9,6.1
9,5.9
5,4.9
3,2.7
3,2.4
4,3.3
7,4.3
5,2.2
10,3.9
20,8.4
18,9.7
17,12.1
18,14.3
24,18.2
14,10.3
25,17.4
27,16.5
23,14.1
23,17
17,16.8
31,18
19,18.5
23,17
19,12.9
15,12.8
14,11.2
10,8
9,5.2
14,2.5
11,2.7
9,2.2
12,1.3
17,2
20,4.1
23,7.7
14,7.1
29,15.7
21,9.4
19,9.7
15,9.4
14,6.1
11,5.4
10,5.3
18,4.6
17,3.9
29,10.3
31,9.9
27,8.3
15,5.1
25,5.6
14,2.8
16,1.8
5,1.3
3,2.87592109467429
1,3.56085761673959
9,4.24579413880488
16,3.4
35,8.2
27,9.9
18,7.3
25,10.4
18,10.4
17,7.8
8,4.1
6,0.6
18,8.1
13,8.5
16,6.6
15,4.1
21,6
19,5.6
14,4.2
12,4.6
12,6
11,3.9
11,1.5
8,4.1
21,7.2
38,11.8
16,8.8
12,8
9,8.9
5,5.6
3,2.3
3,1.7
3,2
1,0.8
3,1.7
6,5.5
7,6
6,3.9
2,2.3
3,3.4
1,5.1
3,4.2
3,3.7
3,2.5
5,2.3
4,1.8
4,1.3
1,1.2
5,0.1
4,1.5
9,5.5
14,5.8
10,4.2
9,6.3
10,6.6
10,5.4
8,3.7
4,0.4
8,2.96021767438452
9,4.8
6,3
3,2.48266011417302
1,1.93139985706866
0,1.38013959996431
0,0
0,1.2
3,2.2
3,0.4
2.10195545026097,0.899710364800483
0,0.898050248323899
6,1
6,0.6
6,0.1
4,1.8
1,3.4
4,2.3
5,2.5
4,5.8
4,4.4
4,2.5
4,2.7
3,3.2
2,3.2
4,2.5
4,1.8
5,0.6
3,3.6
1,4.2
3,2.3
3,1
3,1.5
4,3.4
6,4.4
6,1.4
4,2.00216604928578
2,1.5
5,1.7
7,2.4
5,3.6
8,2.5
15,2
14,7
13,6.8
12,4.6
10,4.1
11,5.1
11,4.8
11,3.4
6,1.8
3,2.39311872837488
4,2.26717784703826
4,1.9
2,2.4
2,2.6
2,1.7
3,1.74613893502923
5,1
2,2.9
0,1.3
0,1.3
0.496337657257021,2.2
0.777128113246672,2.2
1,1.8
2,2.7
0,2.4
1,0.3
3,0.2
2,0.755270723750684
2,0.897617349130504
5,1.03996397451032
6,0.7
4,1.9
4,3.6
4,1.8
2,0.3
4,1.4
7,1
5,0
3,0.702661855794884
2,0.888275302713072
1,1.07388874963126
0,1.4
0,1.7
2,0.3
4,1.15705309648901
4,1.40814031036776
3,1.6592275242465
4,1.91031473812525
9,1.7
6,3.4
1,3.7
7,2.5
8,2.7
5,1.5
1,1.7
1,3.6
4,3.9
3,4.8
0,2.8
3,2
11,2.5
8,3.2
25,5.1
9,5.1
6,1.8
6,2.26422391571947
4,1.85441732158867
2,1.44461072745787
3,0.5
4,1.2
4,1.2
8,1.2
9,2.6
5,3.2
7,2.1
11,4.1
9,7
8,6.8
6,6.1
6,5.9
8,5.1
8,6.3
10,7
15,6.3
22,10.5
24,9
20,9.7
11,6.1
9,3.5
5,1.3
5,1.2
3,1
3,0.7
6,3.5
7,3.4
8,2
12,1.7
30,4.3
21,11.5
11,8.3
18,7
17,10.1
17,9.4
13,8.5
10,8
11,4
12,2.5
16,6.9
23,10.3
31,13.7
14,10.5
15,8.3
15.691469275016,11.9600709410113
15.810996591228,13.6308850416461
20,25.3
2,0.5
3,1.4
4,3.46924481072424
2,3.23120730501866
5,2.4
7,3.4
13,4.5
9,3.6
5,1.8
4,2.2
7,4.5
6,4.1
6,3.4
4,4.1
6,2.5
5,2.7
6,1.5
5,1.31314671115759
4,0
10,1.7
9,1.1
45,2.9
22,2.7
23,2.20944637467215
12,2.00537557636873
9,1.8013047780653
7,1.59723397976188
5,0.7
2,1.92290326470615
4,2.45264334795384
9,2.6
7,3.9
11,5.3
13,5.6
16,4.9
18,7.7
25,7.1
18,4.7
15,5.8
9,6.8
12,5.9
21,6.3
16,9.8
10,8.5
7,5.4
5,4.4
3,2.5
2,0.6
2,0.5
0,1.31378272688211
0,1.54856652962442
2,0.2
5,3.1
13,5.1
18,10.3
31,12.1
39,22.9
27,17.7
29,19.5
23,13
25,18.2
21,13
16,12.4
15,7.5
8,6.6
12,4.7
7,2.3
23,11.4
19,9.5
7,5.5
5,2.6
2,1
0,0.8
0,1.05326068096505
2,0.5
4,0.8
7,2
8,2
10,0.6
24,5
19,5.4
24,11.7
29,18.2
17,11.4
13,9.1
9,6
9,6.1
11,6.1
19,8
28,9.9
59,11.6
83,12.1
16,7.9
10,3.6
7,3
6,2.7
5,3.9
6,2.1
6,3.67957963823027
7,4.31259575534089
14,4.94561187245152
76,5.2
28,5.8
28,10
39,10.4
24,7.8
19,5.2
25,3.9
16,3.6
25,3.9
47,5.5
28,4.2
38,3.4
24,9.3
32,10.8
55,11.1
27,11.5
16,5.9
13,3
9,3.48944194946754
13,1.2
11,3.6
9,4.3
7,3.6
17,3.6
30,4.6
68,9.8
30,7.9
35,10.3
38,16.8
41,17.5
27,16.5
26,10.9
28,15.4
33,12.7
31,13.3
35,14.3
33,14.3
38,13.6
45,13.6
32,13.8
23,11.7
21,13.7
18,10.5
20,10
25,10.4
20,8.5
25,9.6
32,13.4
36,19.1
34,15.4
28,13.4
18,8.7
23,9.2
29,18.5
28,15.4
18,9.4
12,9.9
10,8.1
17,9.6
16,10
31,14.6
39,16.5
47,18.5
25,13.2
23,11.7
20,8.1
24,6.8
10,4.4
12,5.3
14,4.6
13,2.9
18,3.4
12,5.8
15,6.5
17,5.6
12,4.9
22,8.2
23,7.8
24,15.5
17,11.3
14,7.7
15,7.1
8,4.2
10,4.1
7,6.3
5,4.9
14,5.1
7,5.8
2,3.9
2,1.6
5,1.2
5,2.9
4,2.7
1,1.5
1,0.1
2,1.7
5,2.2
5,1.3
3,3.4
0,3.7
7,4.8
8,5.6
6,3.4
47,1.3
3,2.83204704698179
2,3.15535260811157
5,2.8
3,6
1,4.9
1,1.8
2,0.5
1,3.3
3,2.5
4,1.3
1,0.8
9,0
7,1.4
3,1.4
3,0.5
9,1.4
10,2.2
16,4.3
14,5.5
13,5.4
17,7.9
29,8.9
9,8.9
13,10.1
12,11.1
12,8.3
19,7.3
12,7.3
15,9.2
17,11.1
18,10
18,9
13,8.3
11,6.2
9,4.9
10,3.5
11,3.2
13,6.5
9,5.6
11,6.8
17,9.4
20,10.4
20,14.4
44,12.7
17,8.7
4,6.9
3,5.2
2,3.2
2,2.7
2,2.5
0,2.5
1.5380788774856,3.2
2.37034642381263,1.6
3,0.8
5,2.7
4,2
4,9.19584688592532
17.5346374164876,13.6722111936142
38,32.2
8,1.2
5,1.2
6,3.3
11,4.6
8,7
6,4.5
9,2.7
10,3.6
12,6
12,5.1
17,5.3
18,3.9
2,1.1
3,2.13866546470497
3,2.0210473558101
5,1.9
4,1.3
3,1.3
9,3.8
10,5.2
11,4.8
21,8.2
29.6302550650477,4.16840567660399
45,1
28,2.2
19,2.4
15,1.8
14,2.9
10,3.7
6,2.4
5,1.1
3,0.3
6,1.5
4,2.5
3,1.5
3,1.2
2,1.03187485309333
3,0.809780705725839
2,0.5
3,0.1
3,0.4
4,0.5
3,2.5
16,6.1
14,4.6
7,2.2
6,3.8
5,2.5
4,2.36195857243558
1,2.03448096780423
0,1.70700336317287
1,1.37952575854152
2,0.6
8,0.8
19,2.1
20,2.3
15,0.6
6,1.7
17,8.5
18,9
11,7.3
12,6.3
12,4.6
8,5.1
9,3.1
12,2.7
24,6.8
43,13.5
17,10.9
14,7.5
15,4.8
10,2.5
18,3.4
12,1.5
14,2.03915509483241
9,0.3
11,4.4
14,4.6
19,3.7
14,3.9
10,2
13,2.1
13,6.3
8,6.6
8,5.9
7,3.2
8,2.3
7,1
8,2.2
10,3.4
11,2.5
27,4.4
12,4.8
10,2.8
6,2.5
10,0.3
7,1.33725551678435
6,1.3961404577082
6,1.1
4,1.5
6,2.2
7,5.1
9,5.4
7,3.9
6,3.9
5,3.6
6,3.2
3,2
0,2.5
1,3.2
3,2.5
4,2.2
2,2.2
0,1
3,0.5
6,0.810142524024134
4,0.778010133912469
1,0.8
0,0.656449320669174
0,0
0,1.3
0.488374067254149,1.35354478212164
0,1.62922558695047
4,1.6
5,2.9
4,2.5
6,2
8,5.1
6,6.1
6,5.6
6,5.8
13,7.3
9,5.1
5,2.4
6,3.9
7,4.1
6,2.7
4,3.2
3,2
2,1.5
4,2.5
4,2.7
2,2.9
8,1.9
10,2.8
5,2.5
3,4.6
11,5.4
15,2.3
21,0.1
21,3.9
13,3.4
13,3.2
20,5.4
22,4.6
17,4.9
5,4.8
9,2.7
7,2.2
10,3.2
12,3
16,1.7
23,5.1
24,9.7
14,6.8
10,3.4
7,0.8
7,1.87155192020264
4,1.61552874421403
4,1.35950556822541
4,0.1
4,1.90978670069269
6,2.71609100914858
9,3.2
19,5.4
17,4.9
6,4.6
22,8.9
17,7.5
7,5.3
13,4.8
9,5.6
9,4.3
16,4.3
9,4.8
22,4.6
21,5.8
12,4.4
15,4.1
10,3.6
7,2.8
3,0.6
6,1.98786437735452
7,2.7
4,1.8
6,2.08183712638651
5,2.12398404986821
6,2.16613097334992
17,1.8
25,2.9
23,3.2
15,2.7
9,2.2
11,4.4
14,5.8
10,4.1
12,2.9
14,3.6
13,7.3
47,8
31,7.8
37,8.7
23,7.3
21,6.8
9,3.4
5,0.3
4,0.8
5,0.3
5,0.3
3,0.6
3,1.3
15,0.8
44,3.1
45,8.6
27,9.2
32,6.5
25,7.5
29,9.5
18,5.8
11,4.6
11,5.3
19,5.3
20,4.4
16,6.8
38,6.5
40,9.9
19,6.3
19,2.8
35,2.5
27,2
21,1.3
17,3.9
8,4.6
9,2.7
8,3.2
4,1.7
6,2.0930748637438
6,1.7
5,2.4
2,1.5
0,2.2
2,5.5
8,4.5
6,4.3
6,5.1
8,4.1
5,3.6
7,3.6
7,4.8
6,3.9
6,2.5
6,2.7
7,2.5
4,0.3
3,1.31549260579482
4,1.7
5,1.2
4,0
1,1.5
2,3.6
2,3.8
2,3.6
3,1.5
4,1.97194452419467
3,1
2,2.2
1,3.6
2,5.1
5,3.9
1,4.3
3,2.2
3,1.5
4,2.7
4,4.8
5,4.6
4,2.9
4,4.1
0,3.6
0,2.9
2,0.9
3,0.3
2,2.9
0,0.9
8,1.2
7,2
8,1.8
4,1.8
3,1.7
3,3.6
0,2.9
0,1.2
0,1.3
5,0.3
3,0.650221754874006
2.95912280064899,0.3
2,0.8
5,1.12239409817749
6,0.8
5,3.1
4,2.9
4,1.7
6,2.8
10,1
8,0.8
7,3.6
7,4.6
6,5
9,3.9
11,4.8
6,5.1
4,3.9
5,0.8
2,2
2,1.5
4,1.02539686920056
2,0.3
4.36555569068084,0.500113048969973
7,0
5,0.716117202421532
2,1.03459692517505
0,0.5
2,3.9
3,3.4
0,0.2
0,0.899797058657718
1,0.2
2,0.888082971969175
3,1.12240883928762
2,2
2,0.3
2,0.6
5,2.4
5,1.5
3,3.4
1,3.7
0,0.3
0,0.5
4,2.9
3,2.6
3,1
4,0.7
5,1.4
4,2.2
5,1.2
7,1.2
7,1.5
12,5.6
8,4.7
5,2.4
3,1.8
3,1.1
2,0
4,0.720044394479989
5,1.1
4,0.1
6,0.9
7,1
5,1
6,4.1
8,3.4
7,2
7,3.6
8,3.1
6,3.4
4,2.2
7,2.9
7,4.1
8,2.9
6,2.2
5,3.4
5,2.9
4,2.2
5,2.4
7,1.8
6,2.2
7,4.1
6,3.86832164574568
7,4.18119838162953
5,4.8
6,4.9
7,3.2
7,4.3
5,6
10,3.9
10,5.3
6,5.8
6,3.8
6,4.1
8,5.3
7,5.3
8,4.1
5,2.6
5,3.3
5,4.5
3,3.6
4,0.7
6,1.2
11,3.9
9,3.1
7,0.2
7,1
7,3.1
10,3.4
7,3.4
7,2.9
10,2.2
9,4.1
6,4.4
4,2.5
3,2.7
8,2.9
7,1.5
9,3.2
8,4.1
10,3.9
7,4.1
10,7
8,4.9
7,2.7
6,2.9
8,3.4
6,3.1
7,1.5
5,3.8
4,2.2
6,0.2
10,1.2
12,4
13,7.2
11,6.8
15,10.2
20,12.3
28,16.7
14,10.7
16,13.9
15,14.2
18,12.3
15,10.6
20,10.1
29,12
17,8.5
28,12.3
17,12.8
14,7.8
7,3.4
3,5.5
10,4.5
17,4.8
20,10.3
26,10.1
27,10.8
20,11.6
24,10.6
23,13.3
19,9.3
24,7.8
18,12.3
14,8.5
14,9.4
18,10.4
17,9.9
12,7.1
8,3.7
6,3.6
6,6.7
7,5.3
6,7.7
6,7.1
4,2.7
5,1.5
4,1.7
1,3.8
2,3.6
2,1.5
6,4.1
8,5.1
6,5.3
3,2.7
8,1.2
8,2
10,2.9
9,3.6
7,2.7
6,5.1
4,4.4
8,1.5
8,1.2
9.17382147918376,2.33811613885152
11,2.5
9,4.3
9,3.2
7,1.8
9,2.9
10,3.1
7,3.4
5,3.2
32,5.1
7,3.7
10,2
6,2.2
5,2.4
4,2.2
3,1.5
5,2.2
4,4.1
5,4.1
5,5.3
7,3.8
6,2.4
6,2.4
4,3.1
6,4.8
11,4.8
7,3.4
5,2.7
9,2.2
4,3.8
7.14619323358257,3.76446604675034
8.83396756148694,4.03613536839147
10.5217418893913,4.3078046900326
13,3.8
11,6
14,6.6
15,6.8
13,7.8
11,9.4
17,6.6
24,10.8
23,14.9
20,10.7
18,8.5
16,8.5
19,7.3
16,9.4
20,14.4
28,13.6
24,12.9
17,8.1
19,6.4
13,5.1
14,3
18,2.4
11,2.6
12,1.91055348065813
7,0.5
8,2
10,1.89049475121668
8,1.7
9,2.6
11,2.4
11,3.8
17,4.5
12,5.8
16,5.3
12,4.6
10,3.7
7,1.8
10,1.3
25,6
27,10.3
23,7.4
13,3.5
16,1.3
10,0.7
9,1.2
7,0.2
10,0
7,1.2
7,0.3
6,2.1
7,2.2
13,1.9
14,1.5
18,3.8
23,6.4
22,5.1
20,3.9
12,4.3
12,4.1
11,5.3
17,7.3
42,5.4
41,6.3
40,12
23,9.8
60,9.5
13,6.6
8,4.4
6,2.4
6,0.7
8,1.3
7,1.3
4,2.2
4,0.3
10,0.5
30,3.6
18,4.8
33,7.2
38,8.5
53,8.7
44,9
22,11.3
17,8.1
10,4
7,1.1
6,2
9,4.3
22,4.6
38,6
15,5.6
9,3.7
9,2
10,2.1
9,3.2
15,5.8
23,10.8
31,11.4
30,7.4
28,6.3
24,9.1
19,7.8
16,5.4
13,6.3
11,6.5
13,5.1
17,5.5
18,7.9
13,6.1
12,7
14,9.4
14,7.8
13,7.5
19,6.4
10,4.6
15,4.4
16,5.3
10,2.1
12,0.3
5,1.31243264052346
7,1.26549944066949
12,0.4
8,3.1
7,1.3
6,1.88854928340773
10,1.6
6,2.9
5,3.6
9,2.9
5,2.9
4,1.5
4,0.3
5,4
4,4.3
3,2.2
4,1.7
4,3.3
4,4.6
2,4.6
1,0.2
2,1.19432576623571
2,0.846852547072246
3,0.2
5,0
7,0.934637852715221
9,0.9
7,3.5
5,2
6,1.5
13,4
9,3.6
7,2.5
3,2.2
6,3.30311667653553
12,3.2
8,5.5
8,6.3
13,5.9
18,6.6
8,7.8
12,6.8
13,4.9
12,7.7
9,6.6
10,3.7
5,4.35581318637824
4,4.0599173253234
3,3.8
6,3.8
8,2.1
7,2.2
12,2.8
10,2.7
19,5
19,7
34,7.1
22,6.8
20,8.7
23,5.7
16,10.3
20,7.6
17,7.6
9,6.6
17,7
45,9.2
45,10.2
17,6.9
14,5.9
10,4.4
9,4.8
5,2.4
2,0.9
7,2.2
7,3.4
10,2.5
10,4.5
18,4.8
23,10.6
18,6.9
30,6.1
16,5.6
10,6.7
19,7.2
21,7.5
14,6.6
10,4.2
13,9.7
18,7.1
59,10.5
26,5.8
20,1.9
12,2.4
10,4.5
14,4.8
10,1.7
8,1.98096625306284
4,0.7
9,2.1
9,1.5
8,2.9
21,3.1
44,4.6
30,6
33,7.7
30,7
34,9.2
23,7.8
9,5.1
24,4.3
18,5.3
17,8.6
20,7.5
27,9.1
63,9.4
25,4.9
19,5.3
21,5.8
20,3.9
16,2.6
13,4.6
14,4.2
11,6.7
20,6.1
13,11.5
24,8.4
28,5.7
29,10.5
39,12.1
24,7.9
21,7
24,6.7
19,7.5
24,7.5
32,8.7
36,7.3
24,8.7
40,9.9
42,9.5
6,6.4
12,5.1
14,4.2
9,3
6,4.1
4,2.8
1,0.4
5,0.4
17,4.28314781135147
8,6.47481033786948
23,10.8
17,8.6
15,7.8
17,8.5
23,13.1
23,9.1
21,9.2
25,8.8
38,10.4
10,8.1
12,5.7
20,6.5
15,6.8
31,8.5
14,7.3
10,5.1
9,4
11,5.9
9,4
7,2.3
4,2.5
3,2
6,2.5
11,5.5
15,6.8
32,6.8
18,6.6
21,5
22,6.8
21,6.8
16,7
13,8.9
11,4
25,0.6
32,5.9
39,8.4
85,17.5
68,16.1
31,9.9
23,8.9
21,5.3
12,5
11,4.2
10,3.3
8,1.9
9,0.9
9,2.3
15,2
34,5.3
21,5.1
19,4
14,5.3
23,7
12,6.6
19,6.7
11,8.5
19,7.3
16,5.9
38,10.2
42,9.2
18,7.6
22,6.1
38,5.8
28,8.3
17,7.4
17,8
9,5
10,7.5
23,7.8
20,4.4
24,3.5
20,3.1
21,3.5
13,6.8
13,5.3
19,6.1
17,5.9
18,3.5
18,3.8
16,4.9
20,9.6
11,9
13,8
34,7.8
32,5.4
51,10.6
34,10.2
31,5.6
13,1.7
24,5.3
17,8.1
16,7.5
11,9.8
17,8.2
22,4.8
13,4
19,6.4
12,4.5
16,2.3
15,3.7
24,5.6
22,6.4
16,5
16,2.1
10,3.1
26,7.6
37,7.8
35,8.9
53,9.9
23,6.8
25,5.2
14,3.9
12,5.1
13,7.1
16,6
13,2.1
18,0.4
13,2
21,5
28,9.4
33,12.4
35,9.4
31,8.1
36,8.4
25,9.2
29,6.5
26,4.7
18,5.8
21,9.1
25,8.3
45,12.2
45,11.7
37,11.6
37,8.8
37,8.9
20,8.6
25,8.1
22,8.1
16,5.3
18,6.4
19,5.1
25,7.1
26,7.8
28,8.2
26,9.9
24,7.5
18,4.7
18,4.4
14,8.4
14,6.2
55,10.1
21,11.9
26,9.5
49,8
26,6.8
25,7.2
36,10.7
28,7.3
16,3.7
16,3.4
18,3.5
17,3.9
26,4.5
35,12.5
25,9.5
28,6.2
21,6.2
42,7.5
18,8.8
15,8.6
19,8
17,8
23,10.2
11,8.9
10,5.3
10,2.4
9,1.2
15,7.5
19,7.5
23,8.4
22,6.8
17,6.3
17,8.9
17,6.9
21,5.5
17,4.5
22,4.4
19,4.5
11,2.9
9,2.9
26,6.2
22,5.9
22,7.5
20,10.1
19,11.8
16,8.7
18,7.7
15,4.9
18,4.9
16,4.7
15,6.8
9,5.2
15,6
21,7.7
27,8
24,9.1
20,10.2
23,12.8
25,9.9
19,7.5
11,5.6
24,3.4
33,8.7
31,8
43,8.4
27,8.4
32,8.6
11,8.5
14,6.7
14,5.7
21,4.8
22,5.6
22,5.7
7,4.6
4,2.3
5,0.5
4,1
3,3.1
9,3.1
7,1.2
4,1.9
6,3.1
13,2.3
29,3.2
9,4.6
10,3.8
7,3.3
5,4.7
5,3
3,0.3
0,1.3
0.548642678472848,1.8
0.359489055812647,0.5
0,2.4
0,2.5
2,2.2
3,3.3
3,2
2,2.2
2,3.1
1,2.2
1,3.1
5,4.1
5,2.7
4,0.3
7,2.1
12.8717306514786,7.62778415381397
19,11.2795121680186
20.0569922408765,25.5
24,4
12,1.1
53,0.2
7,2.6
5,3.3
5,2.7
5,1.7
8,0.5
6,1.7
2,1.5
3,1.26398663910847
8,0
4,2.4
1,3.6
7,2.7
7,3.6
4,4.8
11,3.2
7,5.8
8,5.1
11,5.8
10,4.8
12,0.6
7,2.05784398580908
8,1
8,3.4
10,3
12,2.7
8,4.4
6,4.1
11,3.2
14,5.8
9,3.9
8,1.3
8,1.2
9,4.5
11,5.5
12,4.6
18,6.2
17,4.6
20,8.4
41,12
41,10.4
20,6.6
14,3.7
9,2
9,0.6
9,2.4
11,1.3
19,3
32,5.2
19,6
22,8.6
23,8.4
20,7.6
26,7
17,5.6
18,5.1
20,6.7
22,8
15,8.7
11,7.3
10,5.9
15,6.3
11,9.4
16,6.9
12,5.1
7,2.6
13,1.8
8,2.5
7,3
7,3.8
10,3.5
7,3.3
9,4.5
16,9.2
13,6.1
10,2.9
7,3.6
10,4.1
7,2.7
7,2.5
8,4
5,3.8
2,2.7
5,0.6
11,0.8
8,6
7,4.6
8,2.7
16,3.6
7,4.8
7,3.1
5,2.2
3,2.3
7,1.9
12,2.6
23,4.9
21,5
17,10.2
12,7.2
8,3.8
7,4.7
4,4.3
2,2
5,2.4
10,2.7
7,3.1
6,3.6
8,3.4
7,2.7
7,3.1
7,4.5
8,5.8
9,5.3
13,5.1
17,6.6
18,5.1
31,4.4
42,6.5
61,5.7
94,12.2
65,8.6
38,4.5
32,6.3
92,6.7
46,7.2
28,8.4
28,10.1
34,7.5
20,2.6
17,1.2
13,3.3
14,5.1
10,4.1
7,5.8
24,7.5
34,7.3
14,8.5
11,5.6
12,3.9
8,1.6
11,2.44911133016574
10,2.22031630064582
15,0.5
26,4.5
21,4.1
20,1.4
19,4.3
23,5.6
12,3.2
16,6.7
16,6
24,3.2
22,5.2
23,6.7
21,10
34,8
30,7.2
55,8.2
43,13.4
28,8.1
21,5.9
31,6.8
14,4.8
16,4.6
8,2.7
10,3.05242690043134
11,2.74302062017541
10,2.43361433991947
9,2
9,1.5
19,0.9
25,3.7
35,6.6
19,9.7
11,6.3
10,2.8
9,3.2
8,4
4,4
15,3.8
14,2.6
7,1.9
12,2.8
11,4.9
21,8.7
13,7
38,8.1
43,9.5
35,11.4
129,15.5
90,9.2
88,9.5
91,9.6
87,8.9
67,8.5
55,7.3
47,8.7
91,10.6
63,12.1
42,10.2
38,16.3
38,16.7
29,13.6
28,13.6
24,9.3
21,6.6
35,10.8
25,9.7
16,7.6
15,7.1
12,6
13,4.5
14,5.4
12,5.35988510285847
16,5.36322036553293
14,5.36655562820738
15,5.36989089088184
19,5.37322615355629
17,5.37656141623075
21,5.37989667890521
21,5.38323194157966
23,5.38656720425412
23,5.38990246692857
28,5.39323772960303
31,5.39657299227748
27,5.39990825495194
25,5.40324351762639
23,5.40657878030085
32,5.4099140429753
33,5.41324930564976
33,5.41658456832422
34,5.41991983099867
24,5.42325509367313
19,5.42659035634758
11,5.42992561902204
11,5.43326088169649
11,5.43659614437095
9,5.4399314070454
12,5.44326666971986
12,5.44660193239431
10,5.44993719506877
7,5.45327245774323
7,5.45660772041768
25,5.45994298309214
27,5.46327824576659
18,5.46661350844105
32,5.4699487711155
43,5.47328403378996
32,5.47661929646441
24,5.47995455913887
18,5.48328982181333
25,5.48662508448778
26,5.48996034716224
21,5.49329560983669
19,5.49663087251115
19,5.4999661351856
29,5.50330139786006
19,5.50663666053451
27,5.50997192320897
21,5.51330718588342
16,5.51664244855788
17,5.51997771123234
18,5.52331297390679
25,5.52664823658125
34,5.5299834992557
29,5.53331876193016
22,5.53665402460461
27,5.53998928727907
18,5.54332454995352
18,5.54665981262798
15,5.54999507530243
14,5.55333033797689
15,5.55666560065135
15,5.5600008633258
14,5.56333612600026
16,5.56667138867471
12,5.57000665134917
20,5.57334191402362
20,5.57667717669808
22,5.58001243937253
15,5.58334770204699
12,5.58668296472144
28,5.5900182273959
36,5.59335349007036
57,5.59668875274481
39,5.60002401541927
29,5.60335927809372
22,5.60669454076818
26,5.61002980344263
21,5
55,6.7
35,6.9
20,4.9
18,8.7
17,6.3
19,6.5
35,8.5
27,7.2
25,6.5
27,11.7
34,9.2
55,11.3
34,9.7
48,6.8
25,8.1
25,6.4
21,7.7
17,7
26,4.7
20,5.1
15,4.4
19,7.4
15,6.1
22,4.6
35,6.8
35,10.1
32,8.8
38,10.4
36,10.7
33,12.9
33,10.4
30,11.5
27,12.8
30,11.4
26,11.8
38,11.4
43,15.2
39,11.2
32,10.9
36,9.2
26,7.5
29,9.9
25,10
28,7.2
23,9.4
34,9.5
30,8.3
36,11.6
31,10.5
38,9.6
32,7.8
32,8.3
23,5.5
28,5.6
23,8.7
20,7
19,8.1
20,9.3
31,11.4
56,10.9
65,16.4
58,13.3
40,10
29,8.7
18,8.5
29.0333844356545,6.4
35.0130390203563,7.9
42,10.5
48,8.5
38,7.4
30,10.3
28,9.1
40,14
29,10.3
26,17.6
20,14.5
17,10.3
21,5.4
17,1.5
23,6.7
18,7.6
12,6.2
12,5.6
20,6.6
13,6.2
13,5.2
13,5.7
15,6.1
20,3
30,4.6
27,9.3
31,12.6
36,10.3
45,9.1
35,10.2
27,8.3
25,8.7
25,6.2
19,4.9
13,3.9
10,5.3
10,4.7
8,3.2
5,2.2
2,1.5
1,0.1
1,2.1
7,3.8
7,2.5
10,2.9
9,2.7
12,3
13,3.7
10,6.6
10,7.9
22,6
12,5
18,5.7
23,6.1
23,7.8
28,9.4
85,11.1
43,8.1
23,5.1
9,6.7
8,7.2
9,5.8
8,3.6
11,4.1
8,3.9
7,6.7
8,7.5
24,8.4
10,7.7
28,7.5
12,4.2
12,3.4
9,3.1
16,2.9
12,1.4
16,2.3
7,6
12,5
10,4
10,3.5
15,3.8
9,5.7
15,6.3
15,8.6
13,8.4
14,6.3
14,7.6
12,6.1
13,7
20,8.4
26,10.4
27,10.7
60,17.1
25,6
17,6.7
14,6.3
17,5.9
14,7.3
10,6.8
13,6.4
11,6.1
21,6.3
17,8.2
47,10.8
33,10.4
27,15.6
24,11.8
20,8.6
21,9.2
29,10.6
21,13
35,12.6
34,14.7
37,17.9
37,17.2
36,15.9
34,15.5
49,15.6
37,12.2
30,14.3
29,14.6
16,12.4
18,10.7
22,13.9
30,12.6
35,18.5
31,15.9
29,14.6
24,13.1
27,10.7
23,13.4
22,9.8
19,11.3
23,9.3
22,9.6
18,10.8
27,14.4
25,10.3
52,16.1
42,13.4
29,12.4
31,10.9
18,8.8
10,6.4
22,4.4
21,5
26,6.9
31,7.3
28,9.6
44,14.1
37,8.9
25,7.4
14,7.3
13,4.7
10,5.3
9,5.1
9,3.7
6,3.6
5,2.7
7,1.6
5,1.3
3,2
3,1.3
5,1.44596244889077
22,0.5
7,2.4
23,3.8
25,3.2
24,3.6
17,3.8
18,5.1
24,6.3
18,4.2
23,6
23,5.9
18,5.3
16,5.1
8,4.4
8,6.1
12,4.4
12,2.7
13,4
18,3.1
12,5.2
13,3.6
9,0.3
8,1.2
8,3.5
11,5
11,8.1
12,6.3
9,3.5
11,2.1
10,3.3
15,5.3
16,3.5
24,4.8
34,5.3
28,5.1
23,5.3
32,7
22,7.1
25,6.7
19,13.5
20,9.6
19,8.5
20,7.2
13,8.8
20,9.1
22,9.4
20,5.2
23,7.9
18,7
21,8.6
14,9.3
14,7.6
16,5.7
11,4.9
18,3.5
13,4.6
17,4.6
16,3.9
27,9.2
24,9.9
24,9.9
19,7.1
26,8
24,9.4
22,8.3
18,8.7
21,6.4
15,6.8
15,8.1
18,7.4
19,6.9
25,8.6
18,12.1
28,10.4
22,11.2
17,7.7
16,5.2
21,5.6
22,6.1
36,6.5
29,6.3
25,8.6
15,8.5
22,6.4
21,8.4
20,8.7
20,8
18,7.8
15,7.1
15,8
12,8
15,6.6
13,6.6
14,6.1
13,4.3
14,6.1
14,4.1
12,3.2
10,7.6
8,5.2
14,2.8
13,3.4
21,3.2
21,3.4
15,3
15,2.1
16,3.2
13,3
10,1.1
6,2.2
6,3.2
7,3.6
6,3.9
5,2.8
5,2.2
3,2.8
4,1.2
3,1.1
9,2.8
6,0.7
3,2.8
6,5.1
10,5.8
27,4
23,0.9
17,1.9
10,4.7
12,4.9
16,3.7
16,5.5
14,4.4
10,1.6
11,2.5
14,5.5
8,5.6
9,3.2
6,1.6
6,2.7
9,5.5
5,5.6
7,2.8
5,3.8
8,5.2
8,5.2
12,5.6
11,5.2
11,5.5
12,4.8
13.0183505422929,3.6
13.9802381643169,5.56889785786069
14.942125786341,6.47116190245719
14,6.5
18,8.9
46,12.2
32,12.6
30,16.2
28,11.2
27,11.6
24,14.7
21,16.5
22,9.1
15,6.4
22,11.5
24,16.8
24,14.6
21,11.5
21,13.9
25,10.5
22,12.4
21,10.6
14,8.9
19,9.3
24,11.1
28,7.2
38,9.4
44,9.2
52,8.7
42,13.4
48,12.9
46,14.3
36,9.9
32,7.4
33,8.2
27,9.5
26,9.4
26,9.2
30,8.4
21,8
22,9.1
33,9.9
28,7.4
39,12.1
24,10.9
26,7.9
22,6.8
21,6.2
24,6.1
30,8.4
31,8.5
24,7.8
27,7.3
19,7.8
22,7.4
21,5.1
24,5.3
36,9.8
29,9.8
32,8.8
31,9.5
50,12.6
40,14.8
38,10.3
44,9.7
28,7.1
38,8
60,15.2
47,11.5
32,9.4
25,7.4
23,8.7
22,6.5
20,6.8
18,6.1
27,4.9
29,4.7
37,11.1
49,9.1
37,12.5
21,11
15,10.3
22,7.6
23,8.3
24,6.6
33,8
37,10.6
31,12.5
22,10.8
20,11.6
19,8.6
19,11.3
19,7.3
23,10.3
28,8.9
16,7.4
17,8.3
25,8.8
21,7.4
29,6.1
30,4.5
43,8.1
38,7.3
29,13.3
27,10.1
23,6.7
23,9.5
20,7.5
24,6.2
25,1.8
25,5.1
19,5.2
19,5.8
18,8.1
16,11.5
20,8.6
12,5
13,3.6
29,3.7
23,6.5
57,8.4
82,8.3
41,6.7
39,3.8
37,3.7
35,6.1
48,7.1
33,5.1
39,7.3
38,5.5
41,2.1
44,6.5
26,7.9
17,8
7,7
11,2.8
6,1.5
6,2.4
9,2.4
7,1.1
9,1
13,4.9
14,2.7
12,1.8
15,5.7
17,6.1
23,6.1
33,5.4
31,6.8
31,7.8
38,8
33,9.4
32,9.9
34,11.8
32,9.3
29,8
38,7
37,5.6
47,5.3
27,7.2
22,7.7
20,7.5
20,7.5
19,8.2
15,10.3
20,7.2
16,5.8
22,6.3
20,7.2
22,3.8
17,0.9
18,3.8
17,7.9
29,6.2
16,4.3
15,4.7
17,3.5
12,2.5
12,5
13,4.7
15,6.7
19,7.5
19,4.2
8,1.9
8,2.9
12,2.9
8,3.1
10,5.7
11,5.9
9,7.7
11,4.6
13,3.7
19,4.21508486127879
16,4.13110500898117
31,3.7
34,3.2
39,4.3
81,11.1
48,10.2
55,9.9
50,10.4
50,9.3
41,8.5
50,6.2
49,8.5
31,5.3
30,7.1
26,6.4
26,8.5
27,8.4
24,5.9
33,5.6
29,5.5
16,5.2
17,4.2
24,4.4
22,5.4
19,5
20,4.7
28,5.4
20,6.9
29,7.2
42,7.2
40,8.2
43,12.8
40,8.4
33,4.6
39,8.7
31,7.3
36,6.1
35,7.8
57,11.2
46,9.8
32,6.5
15,4
13,4.8
16,6.5
12,2.8
21,2.77327331889895
23,1.2
21,2.5
5,0.9
5,2.3
17,4.8
4,3.9
9,3.6
9,3
12,1.4
16,5.2
16,5.4
31,5.1
25,6.7
27,6.8
30,11
37,8.1
26,7.6
38,10.5
24,6.9
19,5.6
21,9
27,8.5
25,7.9
20,7.3
9,6.4
15,4.8
14,2
18,1.3
16,4.3
13,7
23,9.3
25,8.5
32,7.8
16,5.3
24,7.5
23,10.8
26,8.2
29,5.8
34,8
23,10.7
27,9.9
21,8.7
32,9.9
39,13.2
53,12.6
43,11.5
21,14.4
29,9.3
18,7.4
15,6.9
16,4
9,6.6
14,7
8,6.4
6,5
35,5.4
33,8.6
36,8.8
26,6.5
24,6.3
26,6.1
29,6.2
27,9.2
29,8.5
28,8.9
35,6.4
42,7.9
49,14.3
39,13.5
51,10.5
39,10.1
26,6.8
25,7.2
18,4.5
14,5.3
10,5.4
21,4.9
13,7.9
27,10.4
34,9.3
35,10.7
32,9.6
32,11.1
29,12.8
26,10.1
37,8.3
37,8.7
34,8.3
37,6.9
41,7.3
33,8.1
22,8.3
40,9.8
42,11
38,12.7
34,9.5
26,6.9
24,5.9
17,6.5
12,5.2
15,2.6
14,3.4
15,5.1
32,5.8
39,10.5
38,10.9
29,10.7
25,9.8
24,9.3
20,7
23,7.6
25,7.6
23,5.9
27,10.3
37,10
38,7.9
55,11.7
50,9.4
42,9.9
32,6.5
34,12.1
25,8.7
17,7.8
23,8.7
32,7.6
33,13.3
30,13.5
33,9.5
34,8.9
29,7.6
16,4.6
16,4.4
13,4.2
24,2.8
24,5.7
30,5.6
24,6.2
25,6.4
26,7.7
40,9.4
37,8.3
60,14.5
40,10.9
23,7.5
24,6.1
33,6.1
23,9
30,9.9
22,5.8
24,4.2
32,7.8
24,11.7
26,9.1
22,6.2
23,4.7
22,7.1
22,6.2
18,4.9
26,7.4
27,7.5
28,9.6
26,10.5
12,10.7
14,8
6,5.1
9,5.2
10,4.3
11,8.7
15,9.1
24,4.8
10,0.5
30,2.1
16,5.9
17,5.4
14,3.6
13,8.5
16,8.9
17,6.3
20,5.6
18,6.1
29,8.4
26,6.9
21,3.8
10,4.3
6,5.5
7,5.4
10,5.4
8,5.8
6,4.5
5,4.4
9,3.2
9,2.3
6,7
6,5.8
6,2.1
4,0.2
4,0.5
225,19
43,1.6
8,1.4
8,2.2
9,2.1
12,4.2
13,6.9
14,5.9
21,6.5
19,10.9
15,7.4
15,5
14,4.8
22,6.2
29,6.5
28,8.6
20,10.3
14,6.7
14,2.1
19,2
23,5.2
22,5.3
23,4.5
19,4.5
15,7.2
12,6.1
18,6.2
33,10.4
22,7
21,5.9
21,7.5
16,3.9
17,2.2
24,8.3
32,8
25,9.6
23,10.8
29,6.3
42,10.9
28,9.3
63,14.6
24,11
18,8.7
12,3.7
12,3.7
17,10.8
35,8.3
56,13.6
78,16.8
87,16.1
77,17
67,14
43,15.3
32,11.4
19,10.2
21,10.7
22,10.1
18,9.3
23,8.1
18,9.3
15,9.9
11,9
12,8.5
22,7.6
21,6.6
19,8.7
22,9
17,8.1
20,9.4
24,8
30,8.8
27,8.4
25,7.3
37,15
30,10.4
33,10.4
31,11.4
29,12.3
21,12.8
15,11.1
21,9.4
17,8.8
17,8
16,10.8
13,12.5
20,13
34,14.2
33,14
27,12
29,9.4
33,8.6
24,7.4
19,9.5
17,8.7
27,11.2
31,11.8
32,10.7
34,9.9
31,8.8
26,10.8
21,9.7
17,10
17,7.9
18,12
14,10.1
13,9
18,12.5
17,9.3
22,13
23,9.8
30,8.7
28,10.4
31,9.6
17,8.2
21,8.4
19,5.9
24,9.2
21,8.3
28,11.4
28,11.2
33,7.8
33,10.8
37,11.1
61,10.2
57,14.3
40,10
27,5.6
24,4.9
24,6.1
31,8.1
34,6.8
34,6.1
35,8.1
28,11
20,7
21,7.3
17,7.5
19,6.5
26,4.5
12,8.2
18,5.5
13,0.4
10,3.5
14,4.4
30,3.4
55,4.2
40,5.7
44,6.7
31,9.7
23,9.1
26,6.1
24,5.6
16,5.3
20,6
26,6.2
22,7.4
19,5.4
21,3.2
17,2
24,3.3
22,4.5
20,3.9
19,6.9
18,5.9
18,4
24,7.6
26,7.8
34,7.8
35,13.3
52,16.8
37,12.6
33,13.2
27,10.4
22,10.9
27,11.6
26,10.7
20,10.2
23,11.5
26,13.6
22,10.6
24,9.1
24,7.6
17,8.6
19,10.5
15,14.3
20,13.5
17,10.6
27,12
23,8.4
26,8.9
37,10.7
43.6186640189626,10.6715640717034
50.7680434204047,11.0065996108782
70,11.3416351500531
26,11.6766706892279
27,12.4
25,11.9
28,12.1
21,12.1
21,10.7
22,11.3
19,8.2
14,8.9
17,6.2
16,5.1
18,6.2
18,7.4
23,6.8
23,8.8
26,7.3
28,9.5
27,8.7
26,8.3
39,8.5
36,10.4
36,15.1
40,11.2
36,15.8
33,9.2
33,8.5
28,12.4
28,11.9
28,10.5
30,10.7
36,8.2
40,9.2
40,10
35,6.7
27,8.1
21,13
17,9.2
14,5.3
22,6
25,7.6
19,5
38.6633388076492,2.3
52.9829156803166,2.1
82,0.5
33,1.3
42,6.6
55,5.2
74,6
67,7
81,8.3
36,6.5
32,7.9
27,9.2
30,7.8
37,6.5
35,6.7
38,5.1
35,7.1
33,16.7
43,9.2
51,8.3
49,10.9
49,11.3
38,8.6
29,13.2
19,10.2
20,7.3
8,4.4
7,8.4
12,7.4
18,5.1
21,4.4
27,6.5
21,6.1
24,6.8
25,9.7
17,7.9
17,7.6
21,5.1
21,5.6
25,6.8
26,4.9
26,3.7
25,7.3
24,8.7
26,7.8
24,6.1
26,3.8
21,3.4
15,3
11,3.6
13,4.9
8,3.6
12,3
10,2.5
12,1.4
9,1.5
15,3.7
20,5.4
36,6.7
36,8.9
32,8.5
37,7.9
34,7.4
30,8
27,7
37,5.2
32,9
32,7.3
29,6.7
42,9.7
38,9.9
31,6.6
32,6.6
23,7.8
20,7
12,4.7
17,4.6
14,3.4
19,6.4
11,7.5
21,5.2
23,4.4
24,7.2
26,7.8
34,9.9
35,16
30,13.6
28,10.2
49,9.3
40,13.6
36,12.1
37,11.6
39,15.1
34,13.6
30,9.5
27,8.2
22,8.3
20,7.8
23,8.5
23,7.4
27,8.4
30,12.6
32,11
34,10.7
32,9.8
29,9.4
23,9.5
17,8.2
12,11.7
23,10.1
27,13.6
27,10.6
18,7.7
22,6.2
28,7.2
32,7.5
33,11.6
53,11.1
37,10.8
27,12.1
27,11.8
22,11.7
23,7.6
22,6.2
19,10.6
19,8.9
32,8.8
34,16.6
37,12.4
37,10
27,10.6
20,8.2
18,6.2
19,12.2
19,9.9
28,7.8
25,8.2
33,8.2
36,11.9
42,11.4
48,16.9
86,23.2
48,15.5
40,12.3
31,7
23,5.4
20,9.7
27,10.6
38,10
46,9
41,12.8
31,9
23,4.4
23,3.2
14,3.6
12,3.8
20,9.5
20,9
17,9.2
20,8.9
26,8.3
28,8.9
27,6.3
36,12
34,14.2
39,8.3
29,5.6
27,8.3
31,8.4
34,5.6
43,7.4
48,10.8
71,8.8
52,8.6
47,9.3
46,8.4
38,8.7
19,11.5
18,10.4
19,6.5
12,5.4
12,6.3
18,7.9
19,5.1
17,6.7
11,5.4
16,7.8
13,7.1
23,7.5
14,6.4
17,5.3
19,5.4
22,4.5
46,4.9
52,6
39,9.5
38,7.5
31,9.1
39,7.9
29,6.9
23,7.7
29,8.1
16,7.1
15,5.3
17,7
15,6.9
14,5.1
15,4.3
11,2.6
8,1.8
11,5.8
9,4.7
9,1.9
19,6.6
21,7.6
18,6.6
18,9.3
17,5.8
24,6.7
30,9.9
33,8.6
25,5.5
27,6.3
19,6.8
23,5.7
15,3.3
13,3.6
15,3.6
14,4.4
14,8.2
14,6.4
15,10.1
15,8.6
11,9.6
11,8.6
20,6.5
27,14.9
12,9.4
13,7.3
14,7.5
15,5.7
18,6.4
19,7.6
18,5.4
22,5.6
13,6.7
21,5.7
24,6.9
28,10
22,8.6
15,8
15,6.3
20,6.2
32,10.5
35,10.2
37,10.7
34,12.6
29,16
29,15.1
31,9.1
33,8.5
34,11.2
29,12.7
38,14.1
27,12.9
35,12.4
23,12.9
22,9.4
18,7.6
24,7.5
27,5.7
28,6.7
28,11.7
21,7.4
17,4.1
18,5.2
13,5.6
21,14
21,9.2
29,14
29,17.2
31,12.6
34,12
33,12.2
41,10.7
35,11.3
29,12
30,10.9
33,11.3
26,11.6
24,11.7
20,9.6
25,9.7
31,8.1
26,9.6
26,8.3
18,10.2
24,11.8
13,11.3
16,8.9
19,6
29,15.3
21,12.8
26,12.7
30,10.6
31,12.2
36,10.1
39,13.2
82,17.9
51,12.3
47,12.7
33,13.8
35,13.1
29,10.7
29,16.3
21,9
28,9.8
24,11
32,11
28,9.2
25,12.6
22,9.6
25,6.5
27,10.1
24,9.1
15,9.2
26,6.5
38,4
27,12.4
34,13.5
38,9.8
38,8.7
30,8.4
29,8.2
26,5.9
20,6.7
31,6.9
39,5.1
45,6.4
41,7.4
32,7.4
26,6.7
21,5.5
18,7.4
34,9.1
24,7.5
20,6.1
13,5.2
16,5
6,3.9
10,3.4
11,8.8
15,7.2
15,4.7
22,5.3
20,13.8
20,9.5
18,8.5
23,7.6
16,8.2
16,7.3
19,5
14,6.8
21,7.9
13,7.9
15,7.7
17,6.3
25,3.3
33,6.6
37,16.1
27,9.5
26,11.9
25,9.9
18,9.5
23,8
23,6.7
22,15.1
26,10.9
26,11
50,10.6
68,18.1
40,16.5
27,5.4
23,8.2
22,10.5
29,9.9
26,5.9
24,7.4
19,8.2
15,8.7
17,6.5
32,12.3
40,12.1
40,12.4
39,12.4
34,11.6
27,10.9
23,11.3
23,10
33,11.2
23,9.2
30,13.9
37,11.4
40,15.8
42,11
48,13.3
36,11.9
32,11.2
30,13.5
29,11.8
28,9.5
26,12.1
33,13.6
26,11.6
47,13.2
33,14
38,15
31,14.1
28,11.4
22,6.9
26,8.1
26,7.4
30,6.9
28,13.3
34,13.8
33,14.5
30,16.8
30,14.3
27,16.1
28,9.7
30,9.5
32,13.3
20,9.1
18,9.3
24,7.8
21,11.7
11,8.9
11,4.7
16,7.1
18,8.8
10,8.8
14,10.1
23,9.5
28,10.8
26,10.9
29,11.4
28,8.5
28,6.2
27,6.6
20,9.2
18,7
59,13.6
73,17.4
34,14.3
20,10.2
11,5.9
13,4.2
13,5
14,4.5
18,1.8
15,2.1
19,11.5
25,9.2
34,10.3
30,10.1
26,9.7
21,11.1
30,14
21,11.1
25,9.1
22,10
29,9.6
27,5.4
37,6.9
48,11.2
58,16.4
35,16.8
75,21.6
27,11.3
21,8.8
23,10.9
19,9.5
9,6
23,5.5
33,7.7
34,8.3
35,7.6
29,7.1
19,9.5
23,12.2
26,8.7
20,9.4
25,9.7
27,7.7
25,8.7
31,8.5
28,10.3
38,12
38,11.7
40,10.4
42,14.3
56,14.5
37,13.4
30,11.5
31,11.4
23,23.2
26,9.4
34,9.4
38,9
39,7.6
42,10.3
25,8
26,5.8
24,5.2
21,9
18,11.3
21,10.1
28,10
22,11.3
22,12.3
21,11.5
28,11
32,10.7
23,12.8
29,15.8
29,7.9
31,8.8
30,6.2
35,3.9
30,7.4
37,10.1
32,10.9
35,8.6
30,11
24,8.8
25,7.7
24,6.9
38,6.3
27,7.8
22,7
17,3.7
21,3.6
28,5
48,5.3
33,7.9
24,9
21,7.7
26,6.1
26,6
19,9.2
20,9.2
16,4.9
11,3.1
22,9.8
33,8.2
43,7.8
54,8.3
60,9.9
42,7.1
29,3.6
24,4.6
22,5.1
17,3.6
13,5.9
18,4.1
14,4.8
17,5.6
10,6.5
11,5.1
8,5.9
13,6.5
10,4
11,7.2
16,6.6
11,11.2
19,9.2
15,9.4
18,8.1
22,6.2
33,8.5
30,12
33,11.4
29,12.4
25,8.7
20,8.2
20,9.5
19,9.7
23,9.2
22,7.8
15,6.6
12,11.2
16,8.4
16,8.9
20,11.6
20,10.7
20,11.7
18,8.5
18,8.9
20,14.3
26,9.6
28,15.9
29,9.9
49,9.2
47,11
36,9.3
27,7.2
26,6.1
24,6.9
21,7.7
22,5.3
24,2.7
22,21.8
24,10.3
23,9.2
23,8.1
26,7.9
36,9.6
30,6.4
17,4.5
18,4.1
11,3.2
14,5.4
11,5.3
13,3.5
14,2.9
20,2.9
45,0.2
33,3.1
23,4.9
17,6.2
18,5.4
19,7.1
16,5.2
45,3
28,10.4
29,9.6
25,9.3
28,7.8
26,7.9
29,6.2
21,5.7
18,8.4
24,8.7
25,8.5
22,7.3
20,7.5
20,4.6
22,7
19,5.5
16,6
13,6.9
15,4.7
10,3.8
15,5.3
12,5.2
13,4
30,6.4
39,11.9
40,12.3
26,7
29,7.5
23,9.2
26,9.4
30,9
30,15.1
38,12.6
42,13
101,19.2
64,14
51,13.8
35,12
23,10.8
19,8.6
21,8.2
20,5.3
14,5.9
13,6.6
17,6.7
19,5.8
37,8.6
41,14.6
37,11.8
32,9.5
35,10.5
30,14
30,11.2
34,10.4
34,13.9
34,12.1
28,10.4
37,13.7
54,11.7
46,15.2
42,16.5
28,10.5
26,9.3
28,13.2
21,10.7
20,8.2
21,8.5
20,6.4
16,50.1
19,14.3
31,18
60,11.8
42,18.8
38,12.6
34,11.7
35,15.3
31,11.3
36,10.1
26,11.7
22,10.6
42,10.3
55,13.8
52,10.2
43,11.9
36,8.6
29,14.7
26,13
27,11.4
29,13.1
24,8.2
19,9.1
17,7.2
31,9.7
33,13.4
36,12.3
40,11.8
42,10.5
29,11.6
30,12.8
25,12
25,14.1
24,11.2
33,11
30,13.4
31,9.7
36,13.2
56,14.4
53,13.1
32,10.2
24,13.6
26,8.7
27,11
23,13.3
23,10.5
26,11
21,9.2
39,8.2
52,19.8
64,29.6
73,46.2
65,43.2
57,27.8
32,13.8
27,13.1
21,10.9
23,10.5
22,8.5
19,5.7
36,11.2
24,10.2
21,9.8
18,11.8
19,10.7
19,9.8
11,7.2
20,7.3
26,10.3
21,10.3
22,4.7
17,4.2
35,9.9
47,14
36,10.1
30,9.3
30,13.4
21,10.3
17,10.2
22,8.3
16,7
31,13.3
29,13.6
31,12.5
38,14.7
41,14
55,20
60,22.2
69,19.6
38,13.2
30,14.6
23,16.8
27.0204286384107,17.2
28.3169889308383,14.5689480211834
29,13.1
31,11.9
39,8.3
54,12.1
37,11.4
30,11
28,12.2
25,8.3
21,11.7
21,7.8
26,7.6
20,6.9
20,10
23,8.1
18,9.1
23,8.1
48,14.1
90,24.3
73,16.9
38,14.1
37,13.1
26,11.3
27,15.1
16,8.8
22,11.7
24,9.9
32,7.2
39,14.4
44,18.2
40,14
43,14.2
35,19.4
28,12
33,9.8
34,11.2
32,9.1
33,13.1
39,12.6
34,8.8
35,19.1
63,20.3
58,12
79,18.6
25,7.1
20,6.6
12,10.9
19,6.8
17,6.3
23,11.5
32,9.9
39,14.5
48,12.1
42,10.9
37,12.1
37,8.5
31,13.1
29,14.1
25,11.9
22,10.5
22,9.8
23,8
24,9.5
25,9.3
42,14.6
46,12.4
48,15.6
38,9.6
28,8.6
26,9.3
22,7.6
21,9.5
13,7.8
18,7
19,6.7
31,7.7
48,13
69,14.7
44,9.9
36,10.9
29,11.2
21,9.8
24,10
30,6.4
29,6.9
27,7.8
25,6.9
30,12.2
45,9.7
41,14.1
55,18.6
55,15.4
63,24.3
37,13.7
29,14.8
21,9.9
22,16.8
20,11.4
28,12.6367574783627
26,12.5727854915132
32,12.5088135046637
58,12.4448415178142
46,12.3808695309648
28,12.3168975441153
35,12.2529255572658
30,12.1889535704163
24,12.1249815835668
27,12.0610095967173
30,11.9970376098678
28,11.9330656230183
29,11.8690936361689
36,11.8051216493194
37,11.7411496624699
34,11.6771776756204
50,11.6132056887709
27,11.5492337019214
39,11.4852617150719
37,11.4212897282224
28,11.357317741373
26,11.2933457545235
25,11.229373767674
22,11.1654017808245
48,11.101429793975
20,11.0374578071255
31,10.973485820276
25,10.9095138334265
22,10.845541846577
15,10.7815698597276
22,10.7175978728781
32,10.6536258860286
37,10.5896538991791
31,10.5256819123296
27,10.4617099254801
30,10.3977379386306
42,10.3337659517811
36,10.2697939649317
40,10.2058219780822
33,10.1418499912327
27,10.0778780043832
30,10.0139060175337
21,9.94993403068422
24,9.88596204383473
17,9.82199005698524
14,9.75801807013576
18,9.69404608328627
18,9.63007409643678
23,9.56610210958729
20,9.50213012273781
35,9.43815813588832
40,9.37418614903883
34,9.31021416218934
32,9.24624217533986
28,9.18227018849037
27,9.11829820164088
22,9.05432621479139
25,8.99035422794191
16,8.92638224109242
17,8.86241025424293
19,8.79843826739344
19,8.73446628054395
22,8.67049429369447
21,8.60652230684498
33,8.54255031999549
37,8.478578333146
23,8.41460634629651
17,8.35063435944703
16,8.28666237259754
36,8.22269038574805
49,8.15871839889856
34,8.09474641204908
42,8.03077442519959
35,7.9668024383501
26,7.90283045150061
16,7.83885846465112
21,7.77488647780164
20,7.71091449095215
105,7.64694250410266
22,7.58297051725317
20,7.51899853040369
28,7.4550265435542
20,7.39105455670471
23,7.32708256985522
28,7.26311058300574
21,7.19913859615625
32,7.13516660930676
42,7.07119462245727
80,7.00722263560778
35,6.9432506487583
30,6.87927866190881
18,6.81530667505932
27,6.75133468820983
25,6.68736270136035
20,6.62339071451086
33,6.55941872766137
42,6.49544674081188
36,6.4314747539624
34,5.7
35,8.4
33,6.6
20,4.1
20,3.5
20,6.5
10,5.3
12,0.8
12,1
22,4.3
29,6.1
30,4.6
34,4.5
33,11.9
27,9.8
29,6.8
21,4.9
22,4.3
27,6.9
19,5.9
20,4.7
27,9
35,9
35,5.9
38,6.3
36,7.4
36,9.4
33,10.4
32,8.2
26,4.7
19,2
21,3.3
15,3.2
18,2.5
18,5.4
19,5
22,1.5
25,2.8826383433318
37,1.5
34,5.4
30,6.7
21,4.9
19,5.3
18,4.3
19,2
20,10.3
24,10.7
39,10.4
43,8.8
42,7.5
43,12
28,8.7
26,5.9
18,7.5
30,10.5
30,8.5
19,7
24,6.2
27,6.6
22,8.4
46,8.6
53,6.3
46,6.7
45,9.1
31,6.5
19,5.3
21,5.1
30,9.2
27,10.7
26,6.7
16,3.6
19,5.1
29,9.7
38,8.4
40,7.2
35,8.7
29,9.7
28,7.3
36,9.1
34,16
62,14.3
43,11.2
40,8.6
46,11
33,10.7
46,10.3
56,13.8
57,10.8
31,11.5
29,8.8
32,7.9
27,9.4
27,6.4
34,5.7
34,6.9
43,7.7
55,8.7
43,7.5
36,7.4
35,9.8
36,14.9
25,11.1
21,7.9
28,10.2
22,10.9
29,14.5
30,10.7
32,11.4
31,9.5
27,8.6
31,13.3
34,13.8
20,11.7
14,9.3
19,8.4
17,8
26,9.3
28,7.2
39,8.5
34,7
49,9.3
43,10.3
29,7.3
25,6.7
21,4.9
18,2.7
15,3.2
12,4.1
15,3.4
24,9.6
22,8.3
20,5.5
25,4.8
39,6
87,14.6
36,10.4
32,5.6
19,2.2
16,3.3
23,3.5
19,2.1
26,5.3
24,4.3
17,3.5
15,5.6
20,4.7
29,5.9
26,10.1
24,10.6
20,7
16,8.8
26,9.1
14,6.4
14,5.7
9,4.6
24,3.8
18,4.8
19,8.1
15,7.3
19,10.2
16,8.1
15,4.5
8,1.8
8,0.7
6,2.2
9,3.8
14,6.7
15,6.6
11,5.7
13,6.1
18,5.6
24,1.4
22,4.8
35,17.4
55,30.4
53,29.2
26,8
31,5.9
29,5.4
24,3.6
31,3.4
27,4.1
66,8.8
55,10.2
49,7.8
22,4.6
25,3.4
16,2.9
17,5
16,5.9
17,6.6
29,10
43,18.6
50,17.2
44,11.2
38,11.2
48,11.8
36,14.1
30,10.4
23,7.8
24,6.5
11,5.2
24,4.5
32,7.9
31,9.6
53,8.6
45,12.2
57,10.9
51,11.6
36,11.7
32,9.8
28,10
18,7
19,6.9
27,9.5
25,8.4
31,12.4
32,8.6
23,7.5
25,11.3
34,11
32,12.7
29,12.6
32,14.8
30,11.3
21,8.1
25,5.6
28,4.7
35,6.7
31,7.3
99,22.7
62,16
43,14.4
38,11.5
37,9.1
30,9.9
42,10
33,14
33,12.2
33,10
36,10.5
37,9.4
33,10.6
39,11.6
34,9.1
26,9.5
15,6
19,3
19,4.9
34,4.5
40,10.6
66,18.6
55,12.9
55,8.5
64,11.6
48,8.3
43,7.6
29,11.5
32,10.6
27,7.6
29,5.1
24,2.5
23,0.8
24,1
27,3.6
29,5.7
58,5.7
31,8.5
34,10.6
35,11.4
35,12.1
28,8.5
41,10.7
44,14
45,16.3
49,10.4
44,8
40,9.3
36,10
37,10.7
57,10.3
47,9.6
33,7.1
48,10.2
50,18.3
76,15.7
77,19
77,13.1
52,12.6
41,9.2
23,7
29,8
30,13.3
29,12.6
28,10.5
21,9.8
22,8.7
19,8.3
18,8.3
21,13.3
22,9.7
21,6.2
27,7.9
25,7.2
23,7.9
21,6.5
25,9.9
36,16
30,17.6
34,14.7
48,18.2
54,14.6
66,13.9
56,10.6
43,9.5
50,11
34,10.9
25,12.7
22,9.6
22,6.7
18,5.3
30,11.7
19,9.2
23,6.4
31,17.4
29,15.2
27,10
25,10
27,8.7
26,9.7
36,10.8
52,17.3
41,14.8
60,11.7
59,12.8
58,11
47,10.1
48,10.5
30,6.9
27,7.7
24,8.2
23,7.9
21,6.1
23,5.2
27,8.2
45,25.8
39,18.6
24,9.2
23,7.9
25,12.6
25,11.2
31,14.5
27,12.4
32,10
31,11.8
34,9.4
35,11.3
38,9.8
41,8.8
41,14.4
40,11.5
45,13.7
37,10.3
36,9.6
31,6.1
33,8.7
27,13.6
34,15.7
39,16.5
58,35.5
39,14
23,8.2
23,9.7
26,10.6
26,11.8
27,8.4
25,4.3
25,4.5
25,10.5
22,12.5
25,11.1
32,12.9
33,8.7
43,12.5835378618005
37,14.1993618880016
46,17
40,14.6
49,17.5
43,21.7
50,25.8
50,25.5
40,14.8
41,13.6
38,18.7
43,14.4
38,13.4
36,17.2
45,18.7
42,19.7
69,19.6
43,13.1
30,12.4
32,10
27,8.8
18,7.4
16,5.7
18,7
19,9.6
35,8.4
40,9.3
36,11.2
33,12.3
29,14.6
29,9.8
21,9.7
34,13.2
40,14.7
39,22.2
42,20.6
47,17.7
67,25.4
57,28.2
94,30.9
102,37.8
61,25.3
43,17.8
41,24.2
50,24.3
45,22.1
35,16.2
34,14.7
48,20.2
46,20.1
53,16.5
44,13.6
33,12.1
39,12.8
32,10.9
25,10.3
24,11.1
31,10.9
37,8.1
40,12.6
25,9.2
27,6.6
30,7.5
32,6.7
35,7.3
27,9.7
13,7.8
16,4.7
16,5.1
15,4.9
12,1.9
24,4.6
32,9.9
45,13.3
45,16.3
39,11.8
40,11.8
32,14.1
17,10
23,6.9
28,12.2
24,10.5
27,9.3
27,6
26,7.6
29,10.7
31,11.4
41,15.4
41,12.9
47,14.2
40,17.9
49.5104027521092,22.624367104124
59,28.7
55,31.4
46,27.5
59,24.3
55.4796914311283,18.1
54,16.4
56,16.8
62,17.3
30,8.5
50,13.8
37,14.6
36,13.1
36,15.8
43,18.1
29,11.2
27,12.2
36,10
25,10.2
42,7.8
42,13.3
29,10
25,11
31,8.6
24,5.4
20,13.6
24,9.3
21,7.1
21,6.2
34,7.6
38,9.7
39,9.5
31,6.8
43,19.5
39,20.1
32,14.1
35,13.1
39,15.1
35,11.7
41,17.3
33,11.7
29,10.7
53,17.3
45,14.9
45,11.2
35,8.3
31,9.3
21,5.7
21,4
18,6.9
19,8.1
15,6.9
26,5.4
21,6.1
39,9.8
48,18.3
50,14.4
52,13.4
43,14.4
31,11
32,11.9
24,17.6
29,10.7
31,16.1
29,17.1
32,15.6
29,11.9
35,12.4
35,9.5
35,9.8
28,8.8
21,8.3
17,6.9
18,5.2
21,8.8
21,7.4
26,5.7
28,5.7
46,6.6
24,5.2
30,2.5
36,5.7
34,10.2
32,11.7
27,8.3
30,6.9
25,8.5
26,6.8
27,6.8
25,5.2
39,4.9
41,6.4
40,7.6
55,9.8
27,6.5
16,3.6
16,3.9
15,6.6
21,6.1
32,4.2
27,7.3
26,6.4
29,11.6
43,9
50,14.3
37,11.9
36,16.1
25,11.5
31,17.8
43,9.3
45,17.1
47,15.8
39,14.4
43,20
47,21
55,22.7
68,18.6
55,14.8
33,8.3
26,7.3
30,13.4
23,11.7
15,8.1
19,5.9
24,9.5
21,8.6
30,11
23,9.8
29,11
29,12.6
23,9.5
26,8.8
23,6.3
24,7.5
23,11.6
26,9.5
20,6.8
23,9.2
33,9.9
21,6.8
17,3.7
13,4.1
12,3.4
13,3.7
11,3
14,3.6
13,5.1
25,12.3
32,7.3
59,6.3
52,10.9
48,9.7
43,11.6
37,8.5
27,9.9
21,7.3
17,7.1
9,3.7
12,0.5
12,2.9
17,2.5
20,2.7
13,3.4
17,5.1
21,9.2
18,6.3
14,3.2
12,8.2
25,6.8
38,4.9
47,16.2
40,8.6
36,6.6
31,6.8
18,7.8
24,9.3
28,8.1
92,17.6
26,7.9
26,7.6
29,9.5
15,9
12,5.4
11,0.6
14,2.68467435510481
9,1.3
15,3.9
11,4.2
31,6.4
58,10.7
21,7.1
19,5.4
11,5.2
11,7.5
16,7.1
22,4.2
20,3.5
29,9
17,6.9
25,10.2
34,10.5
29,6.4
17,3.7
16,7.1
10,6.6
7,3.7
8,1
7,1
19,1.8
20,4.6
19,5.2
27,7.3
43,9.3
37,11.2
41,7.6
23,6.2
26,8.3
21,6.2
20,5.9
11,6.9
27,7.6
39,8.5
41,10.7
44,10.3
36,9.5
32,8.8
24,8.3
23,6.9
22,8.8
19,6.6
24,3.7
28,11.1
28,9.3
23,6.7
35,6.2
47,10.2
60,11.9
58,12.9
37,10.7
29,6.2
33,4.9
26,5.8
28.1140081740368,5.19072979858385
33,5.5
14,3.49310498290035
12,0.8
19,0.8
34,6.1
28,5.6
30,4.4
22,7.5
23,6.1
15,4.6
16,3
20,2.7
19,18.1
34,6
38,5.1
46,7.3
48,8.8
91,17
55,8.2
37,5.9
29,4.5
16,5.7
19,3.9
24,4.1
18,3.9
18,2.8
25,3
52,7.3
74,14.3
59,10.7
36,9.5
31,9
27,6.4
24,6.6
14,6.1
30,13
26,19.3
30,7.5
32,6.1
32,7.6
29,5.7
29,6.4
36,5.7
28,5.2
29,4.5
21,4.9
26,4.9
17,5.2
14,3.3
15,3
26,6.4
45,5.7
41,7.3
42,13.3
38,12.7
35,9.6
30,11.6
24,10.7
20,8.1
26,7.1
27,8.2
27,16
26,9.6
26,6.6
28,9.4
32,7.1
28,13
23,8.4
25,5.9
16,5.9
8,4.9
3,3.4
18,2.3
18,2
15,3
20,6.3
14,3.9
22,2.1
24,5.9
20,6.1
23,5.9
25,5.9
21,6.1
22,7.3
15,8.7
18,7.3
24,5.9
36,7.8
31,13
65,13.4
39,11.2
27,7.2
23,1.6
18,4.9
24,6.6
18,4.5
13,10.1
17,8.5
29,8
14,5.6
29,7.3
62,7.5
62,5.4
39,4.9
32,7.5
33,8.7
29,6.4
26,6.2
26,10.2
27,10
32,6.2
39,10
47,10
52,8.6
72,15.5
53,11.5
56,10.5
41,8.6
32,8.7
37.3175367142025,12.4131720777847
44,21.4
27,7.4
22,5.4
9,2.7
29,2.5
105,10.8
19,8.3
26,5.9
19,5.1
20,4.9
21,8.7
33,7.8
32,5.4
25,2.8
24,3
20,8
20,6.4
24,3.9
26,10.3
32,8.1
44,17.2
38,9.9
46,7.9
35,8.3
30,9.5
15,7.6
16,4.2
12,3
29,4.7
25,5.4
30,6.9
35,7.6
31,8.5
24,9
28,8.3
24,8.1
28,10.2
35,10.2
31,10.4
93,30.3
59,15.3
56,14.3
37,9.5
37,11.8
49,12.1
41,18.2
49,9.1
32,8.3
33,6.9
25,10.4
26,10.7
25,6.6
21,8
19,10.4
28,8.3
26,8.5
32,10.9
26,10.7
26,11
26,6.7
23,12.5
24,9.1
23,8.8
20,7.8
32,7.8
36,9.5
37,13.8
42,10.5
27,6.5
21,7.6
30,9
29,7.1
38,4.4
41,10.8
48,13.6
51,10.8
37,8.8
32,7.6
30,8.1
26,7.9
25,8.1
19,8.3
27,5.7
21,4
20,6.3
22,6.8
21,4.4
18,4.1
15,6.8
21,6.6
23,8.3
23,7.4
18,8.5
14,6.4
16,4.7
28,7.3
22,7.1
29,6.4
22,11.2
33,11.2
31,12.4
26,8.2
27,9.3
26,9
23,10.2
17,9.7
20,8.8
21,7.6
18,10.2
27,8.8
27,8.1
26,11.2
29,10.7
31,9.8
31,16
24,10.8
26,8.8
17,9.5
22,10.7
14,9.8
21,8.1
21,9
32,8.3
30,9.8
30,13.1
31,11
34,8.6
32,7.8
27,6.4
24,12.1
21,11.7
19,6.9
17,7.3
18,5.9
20,3.7
34,5.1
28,8.7
41,12.3
36,10.3
38,9.6
21,10
18,7.4
7,5.6
15,3.9
13,5
31,5
33,5.8
32,8.6
27,8.5
25,5.7
39,4
13,3.5
12,1.4
18,0.6
19,2.2
25,5.1
25,4.1
25,5.1
29,9.2
39,9.8
120,12.6
70,14.1
59,12.2
37,9.6
32,6.9
28,4.9
16,6.5
9,4.3
14,1.7
17,4.5
22,7.5
18,5.2
22,3.9
25,4.9
26,8
22,8.3
23,5.7
24,7.1
21,4.7
26,3.3
19,6.8
21,6.2
32,4.4
37,13.2
41,10.1
65,9.5
59,12.4
40,8.2
19,6.2
19,4.7
16,3.8
15,3.8
13,4.3
23,4.7
42,10.9
32,9
36,12.5
42,14.6
37,13.9
28,10.8
32,7.9
31,6.9
32,8.3
31,9
35,8.8
24,6.9
25,6.2
39,9.7
29,10.5
42,13.4
55,17.6
39,10.9
20,8.6
20,4.4
20,6.2
16,5.3
24,2.9
18,4.6
23,7.7
32,7.8
40,10.9
42,11.4
41,9.5
29,11.9
27,17
19,8
21,6.9
19,5
21,4.9
26,3.3
31,4.4
30,8
42,12.4
56,11
62,14.3
42,8.7
33,13.3
30,13.6
26,10.1
29,8.8
24,9.5
25,5.8
28,4.2
24,7.5
43,8.5
27,6.4
36,11.8
26,17.5
29,8.5
35,13
21,9.9
30,10.7
27,11.7
26,10
36,10.7
41,10.9
42,13.8
42,10.3
51,10.9
31,11.9
32,9.6
23,8.4
13,5
13,0.9
15,2.7
10,3.5
13,2.1
28,4.9
34,8.7
39,14.5
38,14.1
28,13.2
22,14.1
24,10.1
26,11
26,10
28,11.4
27,11.2
35,11
26,13.6
35,11.7
37,11.9
30,11.5
26,12.6
23,9.8
15,8.2
13,6.9
20,7.6
23,9.3
23,7.4
28,10.2
49,16.5
52,16.9
44,16.4
40,11.6
26,14.5
28,15.1
24,16.8
27,9.9
30,11.6
24,13.1
25,11.2
22,13
19,11.4
26,8.3
25,9.7
35,11.1
27,9.3
16,10
19,7.6
28,7.8
52,7.8
78,13.1
54,12
42,6.9
50,11.8
53,11.9
36,8.8
49,13.5
24,12.2
22,8.6
21,6.9
24,6.8
13,8
13,5.9
21,9.4
12,8.7
17,6.2
10,6.8
12,5.4
12,5.4
11,6.2
16,4.3
11,1.2
18,4.2
18.9806529232463,3.66942341644947
20.8119465631559,3.71333851536599
22.6432402030654,3.7572536142825
24.4745338429749,3.80116871319902
25,3.84508381211553
36,3.88899891103205
23,3.93291400994856
27,3.97682910886507
13,4.02074420778159
22,4.0646593066981
25,4.10857440561462
26,4.15248950453113
23,4.19640460344765
24,4.24031970236416
20,4.28423480128068
16,4.32814990019719
17,4.37206499911371
12,4.41598009803022
17,4.45989519694673
21,4.50381029586325
28,4.54772539477976
21,4.59164049369628
24,4.63555559261279
22,4.67947069152931
29,4.72338579044582
21,4.76730088936234
15,4.81121598827885
27,4.85513108719537
27,4.89904618611188
40,4.9429612850284
35,4.98687638394491
35,5.03079148286142
28,5.07470658177794
27,5.11862168069445
31,5.16253677961097
15,5.20645187852748
27,5.250366977444
33,5.29428207636051
51,5.33819717527703
42,5.38211227419354
35,5.42602737311006
29,5.46994247202657
50,5.51385757094308
40,5.5577726698596
40,5.60168776877611
37,5.64560286769263
33,5.68951796660914
26,5.73343306552566
26,5.77734816444217
29,5.82126326335869
26,5.8651783622752
39.0779447502143,5.90909346119171
54,5.95300856010823
43,6.1
46,4.2
45,8.9
33,9.7
32,6.9
22,5
23,5.9
19,7.5
28,8.1
33,13.7
49,14.5
59,17.7
55,13.2
47,14.8
62,16.5
50,15.3
54,14.8
52,12.7
50,17.2
43,9.7
37,7.8
32,7.1
39,12
45,11.2
40,10
30,7.4
36,4.2
27,3.7
20,7.5
31,7.8
40,8
48,16.1
42,13.8
47,13.1
41,11.9
34,11.4
42,18.8
57,15.6
58,18.2
44,12.7
40,9.1
35,8.3
35,8
29,8.5
23,7.8
31,6.1
33,7.3
60,11
47,9.3
42,7.1
34,5.6
24,4.4
16,5.1
8,4.2
8,3.2
17,2.5
11,7.9
12,5.7
19,3.3
18,5
24,3.9
23,1.1
27,7.4
24,7.3
16,7.1
14,5.9
13,4.7
23,3
9,2.3
16,5.1
24,6.6
24,4.7
15,6.1
20,7.5
24,7.6
21,6.2
23,6.1
19,6.3
16,6.8
18,5.9
11,4.1
16,5.6
17,7.5
28,9.4
25,6
50,6.4
37,8.9
21,6
23,5.9
28,4.4
19,6.7
21,6.1
20,3.7
15,4.1
30,8.6
29,9.9
34,8.3
27,7.8
34,7.1
22,7.8
19,7.6
16,5.7
16,7.8
22,8.8
39,8.1
34,6.9
39,10.1
33,14.2
41,10.6
34,7
61,8.3
69,16.3
38,14.4
27,11
19,8.4
10,4.5
16,4.4
16,4.4
16,4.4
12,3.7
27,6.1
28,9.4
21,7.4
22,8.2
20,7.4
14,7.1
25,7.8
19,7.3
18,8.2
16,7.1
15,2.8
24,6.5
32,12
39,13.1
49,10.3
69,11.8
38,8.8
19,5.7
8,5.2
16,3.7
16,2.5
31,6.2
32,8.9
46,10.6
51,10.2
51,14
27,8
14,3.8
11,3
16,1.3
9,1.3
19,5
25,4.8
33,5.9
25,10.3
34,8.6
46,13
57,14.1
62,13.9
50,13.9
50,13.6
54,13.6
46,12.2
39,8.4
26,8.8
27,6.2
26,6.8
32,5.4
38,9.4
39,11.4
36,9.6
33,5.8
29,4
38,9.6
42,10.9
38,12.6
38,9.6
46,10.2
52,18.6
58,14.7
58,13.6
86,20.1
92,18.2
56,14.9
44,12.5
45,15.3
42,11.1
31,7.7
24,4.8
23,3.3
28,5.3
20,7.3
39,9.6
27,10.9
28,8.8
29,10.8
21,9.7
14,6.4
22,8.7
27,12.3
27,15.2
32,11.6
26,10.7
29,5.3
29,5.2
43,11.9
44,10.7
46,10.9
24,9.1
26,5.2
24,3.5
12,4.6
13,3.5
15,2.5
33,9.5
21,7.6
19,7.5
20,5.9
19,7.1
30,11.8
16,9.3
20,13.7
23,9.6
15,4.8
21,7.9
17,7.4
11,3.1
18,3.2
21,4.8
20,3.5
26,4.3
27,7.4
34,8.2
21,4.7
7,3.35663770264141
4,0.5
2,2.2
6,0.9
9,1.54675471664951
12,0.5
10,4.3
15,3.2
13,1.3
24,3.1
38,10.6
36,11.1
40,11.1
38,9.6
28,4.8
21,3.9
30,4.4
28,4.6
28,5.6
58,8.9
53,7.4
54,8.7
38,5.7
26,6.8
18,5.4
15,4.4
12,3.5
11,3.4
17,3.7
26,5.3
34,7
28,8
91,13.2
21,8.9
18,6
24,4.4
18,5.6
22,4.7
18,2.7
16,1.8
25,1.5
29,4.3
49,9.1
56,9.7
93,20.4
41,11.8
42,10.3
33,7.4
16,5.2
16,3
20,2.5
244,20.5
153,9.2
21,9.5
24,5.5
22,4
22,9.8
27,7.4
30,6.6
47,8.5
37,8.3
34,9.3
37,7.2
39,8.5
39,9
58,8.3
70,11.3
93,17.1
72,13.3
58,11.7
49,9.4
47,11.1
39,10.5
33,9.3
24,7.4
29,6.4
26.7918477992353,8.39080073064277
24,10.1
27,9.1
37,7.6
33,11.7
37,9.2
33,8.4
26,7.8
32,7.6
27,10.1
27,10.3
20,6.9
16,6.8
25,6.5
25,8
36,9.2
38,7
20,7.7
22,6.8
22,5.7
19,4.5
13,4.8
17,6.1
22,5.8
29,7.3
27,6.8
25,4.1
30,7.9
27,8.8
22,8.8
27,7.2
26,7.5
43,8.4
188,25.7
251,22.7
97,16.6
33,10.4
27,10
34,9.6
33,8.9
49,11.5
39,8.2
31,9.1
13,7
12,4.1
17,4
18,6.5
12,7.3
17,6.6
17,6.3
11,6
10,4.9
20,3.2
25,3.5
29,6.7
31,10.4
36,9.4
44,10.2
36,8.8
39,11.2
32,11.1
44,10.1
38,8.9
30,8.3
41,12.8
48,14.4
51,12.9
31,10.6
15,7.2
17,4.5
19,3.8
8,4.2
8,2.5
20,4.7
105,31.6
176,110.1
111,63.3
120,74.3
49,12
45,11
40,15.7
46,16.3
39,15.5
36,13.3
34,14.7
41,11.9
49,13.6
46,11.7
44,12.3
48,10.2
60,12.8
55,16.6
52,16.1
48,13.1
37,11.1
55,8.6
22,7.9
15,11.9
27,16.5
46,15.4
44,15.2
26,9.5
17,8.9
28,7.7
26,6.5
22,8.3
22,14.4
18,8.2
19,5
20,6.1
10,6.1
12,6.2
10,7.1
21,7.1
27,7.4
18,10.2
21,8.3
14,8.1
6,6.8
16,6.1
22,6.7
29,12.5
28,11.8
28,12.6
18,9.9
13,10.6
22,9.3
14,9.4
14,10
15,10.3
14,10.3
17,9
19,8.6
24,10.7
17,10.4
20,14
15,10.6
25,9.1
17,7.5
12,8.5
10,5.6
8,2.6
8,3.2
7,4.7
17,7.2
15,8.1
17,6.5
18,5.1
18,4.6
11,6.2
8,4.4
10,2.5
13,2.5
10,2.7
15,4.3
19,5.5
19,6
28,7.2
37,8.7
24,12.2
30,8.2
24,7.4
21,5.3
16,2.3
9,2.9
12,4.8
20,6.3
34,7.5
38,6.2
22,5.1
14,6.6
14,6.6
14,4.8
14,3.5
13,4.4
9,4.6
14,4.9
19,7.2
16,6.7
20,6.4
22,6.4
34,5.5
39,9.2
38,11.4
54,11.3
51,10.1
38,10.7
28,8.2
13,9.09353755475921
14,9.09787051217784
15,7
26,14.2
26,10.6
16,8.3
20,8.8
32,13.4
32,15.1
22,10.7
20,9.1
18,9.9
18,8.6
17,8.3
14,6.3
20,5.9
23,6.5
32,8.6
51,17.8
64,19.8
55,17.2
32,12.1
24,11.2
26,8.5
18,4.4
20,8.4
26,11
24,9.6
28,10.7
36,9.3
32,10.4
25,10.7
26,10.6
19,8.7
21,6.1
17,8.5
20,11.5
17,7.9
24,8.5
26,5.7
22,6.1
25,8.1
39,12.6
38,11.7
39,11.6
32,8
31,6.6
21,4
17,2.8
17,3.9
6,3.8
15,2.6
34,3.5
27,3.8
15,3.3
18,2.9
29,6.2
16,6.3
10,5.7
12,6.5
8,5.9
6,5.9
9,4.1
18,5.6
15,4.8
15,3.7
11,6.3
11,7
16,6.1
16,5.3
19,6.6
12,6.2
7,2.5
3,0
1,1.40131915292921
3,1.37350778362196
7,1.34569641431471
7,1.31788504500746
3,0.8
6,1.1
12,2.6
20,5.8
12,5.3
19,4.4
17,3.3
26,12.7
14,9.1
9,8.1
20,9.1
19,13.8
25,10.4
26,8
50,9.5
39,11.4
33,15.2
24,11.5
11,8.9
12,5.6
11,3.6
17,5.2
21,3.5
10,0.6
22,3.3
24,4.5
33,6.3
22,9.3
15,7.2
15,7.8
11,7.6
14,7.7
18,6.3
9,6.8
25,8.4
22,9.6
24,14.8
30,28.6
68,179.9
39,11.9
20,8.1
18,8.8
12,4.4
16,2.5
14,7.6
20,7.6
28,5.3
24,4.4
16,4.3
19,5.9
11,5.8
10,5.1
10,4.1
12,3.5
13,4.6
9,8.5
7,6.1
6,5.9
5,5.1
5,2.6
19,6.1
18,8
22,7.4
17,8
9,5.5
14,3.8
17,4.4
18,3.9
19,6
28,11.5
38,9.2
34,8
32,5
22,3.6
21,4.7
14,4.9
17,5.4
9,5.4
9,5.2
11,5.3
6,4.6
7,4.4
11,8.8
12,6.3
10,4
11,6.5
10,7.5
15,8.8
15,6.1
19,3
18,3.3
18,3.5
19,2.1
16,3
23,6.4
19,7.3
27,5.5
26,8.7
18,6
18,5.1
20,7.3
24,6.6
16,4.4
15,6.5
15,7.1
16,7.1
13,7.2
18,8.3
15,8
16,4.7
15,5.3
21,7.2
23,7.3
17,3.8
17,3.7
16,4.5
15,5.3
16,4.7
24,4.9
21,5.4
19,7.3
27,4.5
19,5.7
12,6.5
17,5.4
19,3
22,2.7
21,4.1
23,5.6
14,5.4
14,5.8
19,4.5
17,6.9
16,7.3
23,10.4
23,8.1
22,6.7
18,6.2
16,6
17,5.4
15,6.9
21,5.7
19,4.4
26,7
36,10.3
31,11.6
21,12.7
23,8.7
26,8.3
22,8
25,7.9
26,7.3
37,9.7
28,9
27,6.4
30,6.9
31,9.9
30,8.4
28,16.2
39,19.2
49,24
49,20.5
50,23.5
42,24.4
33,16.4
30,12.8
37,11.2
34,8.6
32,11.1
28,10
29,8.4
23,12.1
31,11.4
30,12
25,12.9
25,8.9
22,10.5
28,11.3
37,10.3
34,11.1
36,10.9
40,11
44,11.4
73,15.5
36,13.3
26,11.5
27,9
20,9
24,6.4
26,7
33,11.1
28,10.5
23,8.1
21,7.7
19,6.6
23,6.3
27,10.3
30,10.9
29,8.2
34,10
42,9.7
57,10.9
46,10
47,6.7
44,4.9
32,4.5
22,3.5
24,2.9
20,3.9
18,4.5469531809787
24.3289655084561,5.08350483155628
28.6983367996073,5.62005648213386
34,5.5
34,6.9
44,10.1
28,11.1
34,8.2
56,11.5
25,9.3
29,6.7
15,4.8
28,3.7
37,3.1
35,4.3
56,6.9
54,5.6
43,5.4
42,9.8
45,7.6
41,7.2
37,6.7
31,7.4
28,4.9
20,0.2
20,2.4
19,3.5
28,4.8
33,7.6
38,9.8
36,16.8
39,8.4
36,8
26,7.6
28,6.6
27,9.3
19,8.3
19,8.5
17,7.2
16,7
23,6.8
22,2.5
24,6.2
16,7.4
18,7.9
12,5
11,1.8
14,0.1
14,1.94129163247933
12,2.3
6,4.2
12,0.6
15,1.90006940576483
11,2.5
19,2.1
19,0.5
13,0.3
9,2.4
15,1.7
16,1.6
15,2.1
19,0.7
13,0.4
17,0.1
18,3.1
18,2.4
18,1.99267869261783
19,0.6
21,2.3
21,6
20,5.9
18,5.1
18,3.8
14,2
12,0.7
11,2
7,5
16,2.7
22,4.5
34,7.3
30,12.8
27,7.3
25,5.3
21,3.8
21,0.2
20,1.40652446166864
30,0.1
23,1.1
26,3.1
24,5.7
24,6.9
32,7.4
28,5.4
47,4.4
32,4.5
32,11.4
21,5.5
21,5.87696896509551
14,5.31969125837806
10,4.76241355166061
8,3
11,6.4
11,3.4
15,3.95401902473848
25,3.82875489177407
28,3.5
22,4.4
28,2.4
28,2.7
34,6.3
28,4.4
28,5
20,4.2
18,2.5
29,2.1
29,4.1
23,8.9
26,7.3
24,9.8
25,7
14,3.6
10,2.5
9,4.8
12,4.3
8,2.9
6,0
10,1.01915413779508
8,0.5
8,1.07973571407161
21,0
15,3.2
24,4.8
22,5.6
27,4.8
22,3.3
22,4
20,4.7
23,5.20472514788424
43,2.5
43,15.7
34,4.9
43,6.2
37,7.3
22,5.8
14,3
12,3.2943465500539
9,2.7177196407986
10,1.4
9,3
10,1.86778369964441
7,0.8
8,1.6
19,1.58791657060611
18,0.5
29,2.9
27,4.6
48,5.9
40,5.5
33,5.1
31,4.5
38,8.1
28,5.2
42,2.1
42,4.5
37,8.8
43,7.3
38,3.5
31,3.3
19,1.4
12,2.53843815780684
15,2.67157632442807
21,2.80471449104929
12,3.6
10,2.9
9,0.5
9,0
8,1.50182087649009
20,0.6
18,5.8
28,5.2
37,5.8
17,4
19,4.7
14,10.4
21,6.5
22,6.9
41,8.3
38,7.8
54,14
48,12.5
35,7.7
35,3.4
13,2
9,3.5
9,2.8
13,0.7
11,0.2
12,2.1
12,2.4
9,3.1
11,2
25,3.71687490100197
40,4.6
37,6.4
25,5.5
30,6.4
42,5.3
34,4.5
38,2.8
45,5.5
45,6.4
38,4.6
68,8.2
109,14.1
85,13.6
52,10.7
51,8.1
27,3.9
19,5.0725410378125
13,4.53280288860834
11,3.5
10,4.4
8,2.3
9,4.31936799285008
15,5.13078996770096
28,6
26,7.6
30,6.8
43,5.1
41,6.6
46,5.7
53,6.4
46,8.7
35,8.1
49,7.1
76,8
68,12.5
73,22
79,10.8
43,9.6
35,7.4
29,6.5
32,5
22,1.1
23,1.1
21,2.6
33,2.7
36,2.7
40,4.7
45,4.4
52,5.9
44,9.4
38,7.3
26,5.9
23,4.4
33,2.6
45,4.3
53,8.4
54,11.9
49,7.7
42,4.8
49,6.7
55,9.5
47,6.7
32,5.6
30,4.7
40,3.1
42,6.9
48,8.7
43,10.9
47,11.9
53,19
46,14.3
44,16.8
41,18.1
33,7.5
36,10.1
44,5.5
38,1.8
39,7.9
42,5.7
35,6.3
32,4.4
25,2.9
31,1.1
24,3.7
27,5.4
36,4.6
41,3.5
43,6.3
24,7.7
31,6.4
39,4.6
102,2.6
93,4.3
58,11.3
57,6.7
60,3.2
74,5.9
86,10.7
78,6.6
94,2.8
164,4.7
166,8.5
151,11.1
108,7
97,9
72,6.8
51,3.2
40,4.2
41,5.1
33,5.4
40,6.6
48,2.7
39,3.15171257823039
31,2.64621997606948
27,0.7
32,2.8
44,1.7
51,11.4
79,15
40,6.1
34,8.2
38,7.4
39,10.7
30,9.1
29,10.6
32,10
26,6.7
25,7.7
32,9.5
36,15.2
35,10.6
39,6.7
37,9.2
37,7.4
38,6.8
35,7.8
45,9.4
60,12
66,9.6
44,9.7
48,9.4
37,9
29,9.7
28,13.4
80,10.2
50,7.3
37,5.9
33,7.2
36,5
22,3.1
49,3
54,8.2
65,19.4
46,6.8
45,7.6
55,9.2
55,9.4
45,7.6
39,4.8
39,3
48,2.8
45,9.4
45,9.2
47,7.5
47,7.5
44,6.8
43,7.7
61,13.8
62,13.6
53,9
53,7.5
43,6.2
42,12.2
42,9.8
41,10.5
44,8.8
55,10.7
76,10.1
62,10.3
86,11.6
103,22
68,13.6
48,10.7
47,12.9
42,8.2
39,8.6
33,10.2
31,6.3
28,5
27,5.1
32,5.2
48,9.6
55,9.6
50,7.5
54,8.1
36,5.4
31,6.5
32,8.6
30,8.6
21,6.5
28,6.4
46,9
85,16.3
69,18
42,5.9
42,7
40,9
41,7.8
31,6.1
23,4.8
19,5.7
23,9.2
13,5.2
11,1.2
24,3
27,6.6
28,5.2
49,4.9
24,6.1
22,5.4
26,6.3
60,6.6
32,5.8
23,5.7
24,5.1
26,3.4
37,4.1
33,4.5
30,5
26,9.3
28,6.3
13,2.8
13,4.7
8,3.6
9,0.4
9,0.4
12,2.6
31,0.8
29,2.2
30,5.8
24,5.6
23,9.2
34,7.9
13,5.2
13,3
15,2
7,3.1
12,3.9
9,5.1
11,4
12,3.8
30,8.1
23,5.1
17,3.6
19,2.2
24,0.8
27,1.5
18,4
22,4.5
54,5.1
41,7.3
43,10.3
35,11.5
31,11
44,9.4
45,7.2
77,10.9
72,11.4
66,13.3
73,9.7
77,11.8
103,8.4
126,15.2
52,4.8
42,3.5
76,3.8
111,8.6
181,6.2
133,7.7
36,4.9
27,0
27,2.2
24,2.9
19,1.5
11,0.2
11,1.23060564398714
30,1.1
19,2.6
14,2.6
25,2.1
18,1.6
24,0.3
22,1.4
21,5.5
24,5.2
29,3.1
31,3.3
51,5.7
44,10.4
55,10.9
82,13
20,8.7
17,4.7
10,2.3
9,1.6
10,0.5
11,1.49221251774899
11,1.65702102529611
15,1.82182953284322
18,1.6
27,1.4
63,3.5
46,7.3
52,10.2
53,14.4
56,10.7
51,6.7
50,4.5
38,9
44,9
58,14.9
51,17.9
46,10.3
48,10.3
66,13.4
59,10
41,8.5
36,8.7
36,8.7
40,6.3
30,4.7
45,2.5
34,7.8
36,7.4
33,9.9
53,16.3
65,15.8
96,20.4
159,23.6
242,55.4
193,60.3
161,61
136,47.8
99,35
81,31
71,28.4
66,28
122,32.4
102,25.7
41,18.1
41,16.9
60,19.3
55,23.4
50,16.7
52,14.1
38,14
41,16.7
42,19.4
59,22.6
50,17.7
57,18.2
52,24.2
49,26.7
66,23.1
66,24
55,18.6
59,21.1
54,13
59,20.7
72,28.2
105,31.2
76,28.7
69,23.7
66,20
57,16.5
49,18.9
44,18.3
49,18.7
39,13.8
38,9.2
43,19.5
47,15.5
44,15.7
44,17.6
50,18.3
43,20.3
47,12.8
47,16.5
50,14.3
46,12.7
65,19.5
46,21.5
55,17.5
42,15.2
44,14.8
43,12.7
49,11.2
49,16.5
43,11.5
46,17.2
47,14.3
39,10.4
36,9.1
28,7.1
25,7.8
31,6.3
24,2.6
25,2.8
27,4.5
39,4.3
28,4.1
31,6.4
28,7.5
25,9.3
22,6.5
31,6.3
22,6.9
21,8
22,6.3
28,6.5
27,6.4
23,5.5
25,4.7
15,3.1
9,1.5
7,2.1
9,1.3
6,0
10,0.5
7,1.2
19,2
31,3
37,6.8
54,10.3
41,11.5
29,6.9
19,6.9
30,8.2
22,6.2
17,4
38,6.2
32,8.2
99,12.3
53,10
36,6.8
42,7.3
22,3.8
18,0.9
15,0.7
6,0.6
15,0
15,2.3168004040742
9,2.6
15,3.5
118,15.2
46,10.1
63,11.4
56,9.6
45,9.4
34,8.8
32,7.1
33,5.9
25,5.1
26,6.1
63,11
79,11.5
35,8.1
34,5
37,4.8
26,3.4
27,8.6
24,7.3
16,5
17,4.8
25,2.9
15,3.7
19,2.5
32,1.2
30,5.9
20,7.3
22,7.6
25,6.7
30,10.3
26,7.6
27,9
27,7.8
27,3.9
23,2.6
31,8.5
30,6.8
38,9.7
65,9.6
58,17.7
79,16.8
36,10
26,8.9
21,8.8
25,8.4
24,8
16,6
16,1
23,0.1
22,3.4
20,6.3
15,6.9
30,6.9
32,10.4
43,12.8
33,11.4
34,8.1
29,7.7
35,8.9
59,15.1
62,14.3
61,17.7
125,26.6
107,29.7
64,19.1
86,24.3
66,21.5
114,21.3
110,13.4
117,11
138,9.7
36,7.6
30,4.1
25,5
35,8.6
36,10
36,8.8
40,11.2
40,19.9
44,18.8
39,17.1
44,15
44,5.2
46,6
22,3.4
16,3.00314877733705
27,0
28,2.4
58,5
70,4.3
59,3.8
93,3.1
107,1
101,1.62618538795818
48,0.3
57,2.8
46,3.8
28,3.2
25,4
28,3.2
43,4.8
40,7.2
55,9.9
45,13.8
30,10.2
24,6
13,1.9
24,5.3
34,2.6
33,2.3
35,3.6
33,5.5
23,3.4
22,2.5
17,9.5
19,5.9
20,0.4
17,0.5
16,3.2
18,2.82457097544521
19,3.03615642975024
18,3.24774188405528
23,2.4
31,4.7
26,6.5
38,7.1
44,9.7
30,9.9
29,9.8
20,7.4
28,6.3
21,6.8
14,5.1
24,3
27,4.4
26,5.7
25,6.5
18,3.7
19,2.4
13,2.1
8,1.5
5,0.4
4,0.978130060110727
6,0.996098675767263
7,1.0140672914238
15,1.03203590708033
23,0.6
22,0
28,3.3
26,7.2
36,9
25,9.4
26,6.5
22,2.2
24,1.2
26,3.5
44,4.3
62,13.1
57,9.3
43,8.3
24,7.1
37,4.94220256389427
29.2770012049146,3.20888203680592
24.7086421790868,0.2
20.1402831532589,0.9
13,0.7
18,0.5
18,1.49508955861917
15,0.2
72,6.7
23,4.1
34,6.5
43,5.5
41,2.9
36,3.5
29,3.3
32,3
25,2.6
31,2.8
47,4.7
48,3.3
58,6.9
45,8.7
38,6.7
28,5.7
25,3.5
43,4
26,0.9
27,1.63771638825311
22,0.9
11,0.9
14,2.25916799394994
11,3.0324883788383
16,3.80580876372665
25,5
37,5.5
37,4
28,7.7
25,0.2
33,2.11580629935098
30,0.7
22,1.4
27,5.8
39,5.5
54,9.9
69,16
90,21.2
135,31.5
37,4.1
23,1
20,3.88498921212885
13,2.6
12,2.9
14,1.2
13,1.7
13,0.7
15,1
42,6.5
112,19.7
42,3.4
45,6
44,10.6
25,6.7
43,5.1
19,7.7
18,5.8
24,2.7
31,6
42,11.3
45,9.7
60,14.5
64,14.2
44,10.4
32,7.9
32,2.2
21,1.2
14,3.5
12,3.8
8,0.4
13,5.23660945351418
11,7.53507013840943
68,10.6
48,9.9
56,20.7
44,7.2
54,11.8
46,8.4
25,6.2
28,5.7
22,3
18,2.4
35,4.5
40,10.2
41,21.9
62,12
41,10.1
28,8.4
25,5.7
15,5
13,4.5
12,1.9
11,2.74683760390989
9,2.55846259159259
8,1.2
17,0.5
43,6.7
75,13
100,24.4
75,11.6
63,17.7
35,8.9
33,9.2
43,9.8
31,5.8
27,3.8
26,3.8
32,9.1
26,7.9
53,7.4
33,5.5
30,9.8
33,8.2
22,9.6
19,6.7
18,1.4
9,2.1687800224465
8,0.2
7,0.7
14,0.9
16,2.2
54,10.1
31,8.6
66,14.2
35,8.7
35,3.6
39,5
48,6.7
31,6.9
34,6.9
23,4
26,3.5
22,2.8
36,7.9
19,5.8
18,2.2
24,3.6
24,3.8
16,3.8
15,3.1
11,2.9
23,2.9
18,3.1
60,9.6
32,14.7
24,8.7
24,18.5
23,6.5
16,12.8
21,10.4
36,12.8
30,7.4
29,15.2
29,21.9
28,11.1
36,9.7
56,15
56,17.8
43,14.3
20,8
24,7
17,4.1
30,3.8
26,4.1
37,7.4
60,7.2
52,9.9
39,9.4
43,11.6
40,12.5
32,12.7
36,8.6
23,7
22,4.8
16,4.5
16,4.4
18,8.1
12,5.4
16,2.5
18,2.5
16,3.5
15,4.2
27,9.6
16,6.2
8,8.7
9,5.8
10,6
7,5.3
16,4.3
21,7
14,5
24,1.7
31,13
18,8.4
25,3.5
24,5.7
27,11.5
26,11.7
22,16.4
24,6.9
23,10.8
17,13
25,9.6
25,9.9
39,14.7
44,19.7
44,17.5
33,18
20,8.7
15,6.8
19,4.3
21,5
25,6.2
22,4.5
28,6.7
31,16.2
41,9.4
23,8.2
19,5.3
18,3.3
8,2.6
8,2.6
10,5.1
10,6.5
7,5.3
9,3.6
9,3.8
8,3.6
14,5
32,4
53,6
14,4.7
11,1.7
11,0.2
11,2
21,5.1
19,2.9
15,2
25,1.7
14,2.6
8,1.4
7,4.08552177801251
11,7.2
13,6.5
9,2.6
8,2.1
4,4
9,4.3
9,3.1
11,4.8
9,3.5
9,0.7
7,2.93019607530325
8,3.3
7,6.2
11,4
11,3.3
15,1.4
24,1.9
17,2.5755179921015
21,2.91625886177673
20,3.6
20,3.8
16,1.9
20,2.4
21,3.1
9,4.1
11,4.3
10,5.8
10,5.3
12,3.3
9,0.2
15,5.5
19,5.5
12,7
9,5.3
13,1.4
8,3.1
15,2.4
3,0.9
9,4.1
12,3.3
10,3.8
12,2.4
12,0.9
19,1.9
26,2.4
17,5.8
23,12
14,6.9
11,7.7
13,6.5
9,1.9
8,2.60100635807888
6,0.9
5,3
4,0.7
0,1.69823652866555
1,1.90078686429882
3,2.10333719993209
2,2.30588753556536
4,2
4,3.8
6,3.5
4,2.8
3,5.5
6,5
5,0
8,0
8,3.3
8,2.8
13,4.8
10,3.8
12,1.6
9,1.2
10,1.4
9,1.42659272984655
5,1.38171103274673
4,1.4
11,0.6
7,1.77504324439811
3,2.32501389805472
1,2.6
3,3.3
3,6.7
8,6.2
10,0.2
7,1.83281008511761
7,1.2
8,1.2
12,0.7
28,3.94422360407628
22,7.7
20,6.5
20,4.8
56,4.1
18,2.9
18,3.3
18,2.9
14,2.7
12,3.6
9,3.8
9,4.6
8,0.4
6,2.62272795010496
5,3.12181353776007
4,3.62089912541518
5,4.6
6,4.6
22,3.1
25,2.9
10,5.7
11,3.8
9,1.5
4,1.2
5,1.99066768946095
3,2.18596028661416
7,2.8
5,1.4
12,2.6
25,4.3
17,2.4
20,1.7
20,4.8
20,3.1
24,0
24,0
19,5
19,8.5
9,5.8
15,3.4
16,2.6
22,7.4
25,6.2
29,3.6
17,9.4
14,7.2
18,3.6
13,0.4
13,0.2
13,8.2
11,4.3
16,4.64735187749038
11,4.5881034260528
18,5.3
11,4.3
10,1
8,0.2
6,4.3
11,2.6
10,0
8,6
4,3.3
2,2.86619160174592
3,2.39500563815022
3,1.7
6,1.2
5,1.7
6,3.1
6,2.2
11,3.4
10,3.4
8,1.2
11,0.7
9,1.40308873731027
8,1.54912202097073
11,1.69515530463118
12,2.1
12,1.7
15,1
13,3.1
11,1
9,1.72321264930429
6,1.5
6,2.9
11,2.1
12,1.2
8,4.3
10,3.6
8,2.75693846307461
10,0.3
18,4.6
5,6.5
8,4.5
12,3.3
10,2.6
10,0.7
8,3.5
12,3.5
15,6
21,4
25,1.2
26,8.2
24,7.7
21,6.3
12,7.2
22,4.5
16,6.5
25,12.8
26,8.4
18,5
23,4
26,4
19,5.5
25,4.5
21,5.8
38,12.1
17,8.7
15,4.6
17,2.2
13,1.9
19,2.0774229439009
20,0.7
18,3.1
15,1.9
19,4
33,5.5
41,6
40,8
53,16.5
54,19.5
51,14.7
32,9.6
40,10.8
38,12.8
39,11.4
34,14.8
31,10.9
28,8.5
29,8.9
28,5.3
32,3.8
28,6.7
22,7.2
24,5.8
26,4.3
29,4.5
28,6
29,6.3
47,8
56,10.1
54,18.7
58,24.1
54,20
48,20.7
56,13
37,16.4
37,13.5
32,12.3
32,10.1
22,9.2
24,8
39,9.9
68,14.5
85,21.2
27,7.2
26,8.2
33,5.8
17,4.3
18,7
21,7.2
19,5
15,2.4
43,1.4
20,0.9
21,4.6
25,5.8
11,6
9,5.5
11,0
7,1.75963067184268
7,1.57083793619759
8,1.38204520055249
11,0.9
8,1.4
7,0.7
20,2.2
9,3.1
10,2.9
17,1.4
15,4.6
12,4
13,3.93759889838282
17,3.99176621807565
12,4.04593353776848
39,4.10010085746131
58,5
21,3.1
10,2.69755637785251
10,1.9
9,0.4
13,2.56921406531735
25,3.3
37,4.8
24,5.8
22,6.7
21,5.5
28,5.8
19,4.5
32,4.3
25,2.9
67,6.5
71,8.9
102,14.4
67,9.6
55,5.8
18,5
15,3.6
13,1.9
13,2.4
25,3.1
23,5.3
39,6.5
38,8
31,5.8
35,10.4
34,6.5
26,6
21,6.2
17,8.4
12,5.5
17,1.9
15,0.9
18,3.8
12,4.5
16,4.7
15,2.8
21,5.7
18,3.8
27,0.2
25,0.4
37,0.4
23,3.1
35,6.9
15,6.5
13,4.7
16,0.9
7,2.05882776624238
8,0.2
11,4.8
8,3.8
6,1.1
6,0.2
5,1.4
5,0.7
2,0.2
0,1.9
2,1.72424481628804
2,1.95119399847842
5,2.1781431806688
7,1.7
9,5
7,1.4
5,3.1997471485197
9,3.76423051798814
29,5.3
14,5
11,1.7
8,0
3,1.05207403595288
2,1
12,0.7
15,1.9
8,1.9
14,1.0962394315588
13,0
11,1.2
16,0.2
9,1.9
6,3.8
10,5.3
12,5.7
13,4
12,2.9
16,4.3
17,3.8
25,3.8
31,3.6
28,4.1
22,3.4
25,3.1
24,3.6
23,4.3
28,3.6
34,7.9
38,7.9
41,6
50,11.1
47,16.7
39,9.4
38,13.8
39,8.9
38,5
26,8.2
46,13
51,11.8
34,7.5
31,6.8
26,6.5
25,4.6
20,3.4
15,5.8
15,3.8
16,2.6
7,2.1
9,2.95474194445603
12,3.22500211457311
12,0.2
29,6.5
66,16.4
29,11.8
34,9.4
45,11.8
36,10.3
39,20.2
45,19.4
21,15.9
20,9.6
40,12.1
40,12.8
43,8.7
24,6.5
24,7.5
57,12.3
70,7.7
24,3.4
25,5.5
35,5.1
31,5
33,5.3
42,3.1
33,2.4
12,0
9,0.2
13,2.8
18,3.8
22,4.5
25,7.2
38,7.4
26,9.6
24,7.4
22,8.2
41,6.5
36,3.8
34,5
30,4.3
25,8.2
29,4.3
21,0.7
17,2.23861006787716
22,0.9
17,4.5
10,3.8
12,2.8
10,0.9
20,4.10678422501992
39,3.1
59,12.8
40,8.2
82,17.7
64,16.7
35,11.0108027643528
14,1.5
49,16
41,12.3
31,10.1
33,7.5
41,6
53,5
56,10.1
65,13.4
49.0668924286451,10.3250222566864
40,11.3
23,6.8
10,3.8
14,1.7
11,0
10,0.9
9,2.4
21,2.7
35,6.5
46,5.3
57,8.9
58,15.2
46,12.5
51,8
40,12.3
29,6.4
29,5.3
36,9.2
43,11
24,6.2
30,2.1
17,4
21,4.8
25,3.3
23,1.6
26,1
24,4.8
12,5
7,2.6
12,2.6
9,2.9
14,3.8
43,5.1
30,4.8
33,3.3
30,2.4
22,2.4
35,6
25,4.5
21,2.6
20,1
16,3.1
12,4.2
15,2.8
14,3.1
13,4
10,4.3
22,4.8
19,4.3
10,3.1
7,1.4
5,0.4
7,4.3
17,3.6
7,3.4
9,3.4
10,5.1
10,4.1
15,1.2
34,1.9
28,5.3
26,7.5
20,6
18,4.8
15,6.8
21,8.5
24,6.3
25,7.3
26,6.8
30,7.5
50,8.4
14,6
20,3.6
20,2.4
21,4.1
25,6.5
21,4.8
15,3.1
20,1.7
27,4
49,6
38,9.9
62,11.1
55.9343524843203,14.5
55.2426156899936,11.5
54.550878895667,14.9
53.8591421013403,11.8
53.1674053070136,12.1
52.4756685126869,19.9
51.7839317183602,10.6
51.0921949240335,12.3
50.4004581297068,8.9
49.7087213353801,13
49.0169845410534,13
48.3252477467267,10.6
47.6335109524,10.4
46.9417741580733,7
46.2500373637466,6.5
45.5583005694199,5.8
44.8665637750932,7.3
44.1748269807665,7.2
43.4830901864398,4.1
42.7913533921131,6.5
42.0996165977864,5.3
41.4078798034597,6.5
40.716143009133,8.7
40.0244062148063,6.8
39.3326694204796,4.1
38.6409326261529,2.7
37.9491958318262,10.3
37.2574590374995,7.4
36.5657222431728,3.6
35.8739854488462,2.9
35.1822486545195,2.2
34.4905118601928,3.6
33.7987750658661,8.4
33.1070382715394,6.3
32.4153014772127,2.9
31.723564682886,0.7
31.0318278885593,1
30.3400910942326,2
29.6483542999059,1.44185641195836
28.9566175055792,1.23815209801738
28.2648807112525,1.0344477840764
30,0.2
18,1.2
18,1.4
31,3.8
9,3.6
19,0.7
9,3.6
22,5.5
25,9.6
18,7.5
24,6
20,7.4
24,6.5
22,7.2
17,5.8
18,3.1
20,4.5
33,7.2
35,6.7
24,5.3
15,3.3
19,3.6
14,2.4
14,0.7
11,1.53799711259784
13,1.54263700267938
9,0.4
15,1
26,4.5
64,12
57,15
39,19
24,5.8
31,7
42,17.5
29,7.9
27,8.6
33,7.9
29,7.7
30,8
45,10.4
41,7.7
48,7.5
32,4.6
25,1.9
20,0.7
17,0.7
24,1.7
23,2.4
12,1.5
17,1.5
16,2.6
33,2.6
42,5.6
48,13.8
70,22.4
61,18.7
34,8.7
44,17
47,16.4
49,13.3
64,17.2
83,17.7
50,11.1
52,12.8
63,14.5
125,25.3
80,15.7
35,9.6
17,5.5
18,3.3
14,3.6
11,2.9
14,0.5
12,1.2
21,1.3
57,6.2
54,5.8
52,5.6
41,10.9
57,17.2
26,6.5
24,5.7
25,5.5
25,7.5
37,11.1
38,10.9
43,10.9
53,15.4
42,12
29,7.2
57,6.9
29,5
25,1.2
21,3.3
26,3.1
17,2.9
16,4
22,8.57247063265766
42,11.6796791695976
80,14.1
105,19.8
126,26.7
83,17.1
60,14.1
71,13.9
63,17.9
45,13.7
34,10.5
38,13.7
37,15.1
26,9.1
19,7.2
41,11
37,12
39,12.2
41,16.1
39,12.9
35,10
29,6.8
26,4.2
24,3.2
22,3.9
23,5.4
28,8.6
25,5.9
32,8.6
31,7.9
35,12.4
29,10.8
22,9.3
19,6.1
11,4
16,5
14,2.6
14,2.1
14,4
8,2.1
9,0.9
10,1.3
52,3.3
64,4.2
76,12.7
76,25
77,32.1
50,25.5
50,24.1
35,19.3
24,17.6
20,14.4
21,12.7
18,11.3
12,7.9
11,4.7
14,5.9
13,7.1
22,8.6
25,9.3
32,12.9
35,11.5
24,12.7
33,12.4
41,14.6
38,10.7
25,6.2
21,3.8
15,3.8
19,2.3
20,0
27,1
25,1.2
32,0.7
27,2.6
13,2.9
9,2
17,2.2
10,4.1
7,5.1
7,3.4
17,0.8
7,2.4
10,3.9
11,2.7
13,1
18,0
33,1.5
29,3.4
33,5.6
27,8.2
36,5.8
22,0.7
37,0.2
23,1.9
30,2.07667384518948
39,2.36399648505946
22,2.6
18,3.1
21,3.3
16,1.9
20,5.5
23,6.5
26,7.3
30,9.7
22,9.6
15,5.8
19,2.4
16,2.9
21,5.3
39,6.3
39,5.8
72,8
29,5.8
26.9099244379348,5.11551637457177
19,4.5
9,3.6
11,1.9
9,2.04670951868073
5,1.62897538296018
8,1.21124124723962
9,0
19,1.2
15,1.9
21,1.9
8,1.94443961136748
20,2.0544979546836
12,1.1
19,2.9
20,6.2
24,6
20,6.9
18,6.2
22,6
23,7.9
35,6.5
27,5
37,3.8
20,3.4
9,1.7
10,0.2
20,0.1
28,0.530934728482624
26,0
29,1.2
15,2.4
20,2.3
14,1.7
20,2.7
17,3
29,4.6
39,12.7
27,9.8
26,5.9
13,1.7
21,0.4
21,2.3
26,3.6
25,5.3
52,6.3
29,8.2
30,5.8
27,3.1
12,3.8
16,5.6
14,3.1
12,1.4
8,1.7
10,0.9
21,2.2
25,5.2
45,9.2
81,23.6
69,16.2
53,13
44,8.9
30,5.3
32,7.7
28,10.9
34,11.6
22,8.2
31,11.1
42,11.8
43,10.6
43,13
31,10.4
20,9.7
22,6.5
17,2
15,2.2
10,2.8
13,0.9
10,1.4
21,4.7
30,6.3
51,11.2
60,18.6
64,30.7
44,14
50,19
30,19
31,8.4
25,9.4
17,8
19,4.3
11,3.6
20,4.6
19,6.7
23,8.4
27,9.2
33,14.7
14,8.4
12,3.8
8,1
11,1
10,1.2
13,2
22,3.9
24,8.7
28,8.2
47,12.5
56,18.2
48,22.6
35,13.7
33,11.3
25,8.9
25,7.2
28,14
24,11.3
31,10.3
31,14
40,11.1
85,15.3
44,10.4
51,9.4
29,6
20,3.3
8,1.4
7,2.29645029554861
8,1.4
13,1.7
64,1.5
44,5.5
67,15.2
66,13.8
65,24.9
47,22.9
36,17.7
30,14.3
28,8.2
34,10.2
18,7.8
21,6.1
18,4.6
51,7.3
61,13.8
80,15.8
46,11.3
41,8.9
33,7.5
27,5.3
19,3.1
15,2.7
13,2.9
23,2.6
29,3.6
94,13
71,10.9
63,12.1
45,11.6
35,9.4
25,7
38,8
44,13.7
41,13.7
24,9.6
31,10.6
41,11.6
39,7.5
52,13
71,16.5
42,12.5
35,8.2
40,6.5
24,4.8
10,2.6
13,0.9
18,0
31,3.1
32,4.8
79,13
41,8.4
50,10
76,20.4
43,8.2
19,7.7
38,5.4
52,17.2
39,14.2
42,14.7
54,16.7
47,12.8
49,18.5
65,17.5
45,14.5
41,10.4
49,8.9
72,11.5
57.0398548413426,9.25832537777273
49.7744977903521,8.16241549872276
43,6.1
32,7.2
29,6.8
30,5.8
36,5.8
32,5.8
42,7.6
56,16.3
67,20.7
46,15.3
35,13.1
36,15.2
29,11.1
26,12.8
27,11.2
36,15.8
60,11.3
44,11.3
32,7.5
72,19
44,11.8
34,10
37,17.2
25,1.8
19,7.5
17,6.5
25,6.5
53,8.7
111,13.8
100,22.8
67,35.7
78,39.5
72,42.9
72,43.9
110,62.2
131,63.4
84,38
98,41.2
80,40.9
156,36.2
396,41.5
55,22.7
42,17.1
48,26.2
47,26.1
52,21.8
55,22.5
45,20.2
39,14
41,11.8
66,10.1
62,7.7
60,9.1
57,7.9
41,7.9
43,6.8
58,10.3
99,8.7
134,8.5
96,9.4
77,7.2
50,6.7
40,4.3
23,3.6
17,2.4
15,1.2
20,1.5
20,3.4
44,2.2
37,0
12,1.63764401550824
12,2.10385924717295
16,2.7
7,3.6
12,1.9
12,1.4
20,4.8
21,5.6
31,5.1
26,5.4
29,12.6
42,14
36,18
23,10.1
23,10.2
30,8.5
25,7.8
46,7.3
61,14.3
48,10.6
39,6.6
47,14
31,8.4
16,3.1
13,2.4
10,1.7
13,3.1
10,2.8
16,1.9
23,1.9
38,7
69,13.3
69,14
68,19
91,25.4
40,9.7
56,16.3
51,18.5
45,12.3
58,22.7
44,13.5
50,15.5
55,24.9
53,18.2
42,11.4
80,18.7
39,9.2
38,10.6
23,9.1
32,8.4
36,6.5
38,7.5
38,6.5
47,12.8
51,15
52,16.2
50,13.1
47,21.7
44,13.8
43,16.3
39,12
36,15.2
27,13.5
19,7.9
40,7
38,7.2
27,6
32,6
37,5.8
22,5.8
18,7.7
93,7.7
68,9.9
64,9.9
85,13
68,16.5
212,8.9
241,10.5
35,6.2
12,4.3
22,5
23,3.6
24,3.1
23,4.6
15,11.6
18,8
13,7.5
20,10.6
24,7
21,6
29,7.8
38,17.2
29,12.8
22,7.2
12,1.2
15,1.2
11,0.3
16,3.8
26,2.4
15,0.7
7,1.9
15,3.1
17,3.4
14,5.5
19,3.1
33,4.3
29,9.1
31,6.7
21,4.3
33,7
28,10.6
26,10.6
27,7.8
30,8.7
50,10.4
71,13.5
54,13
51,10.1
58,10.1
44,6
40,2.1
32,2.2
31,2.4
30,2.4
27,2.2
33,3.9
54,7.6
93,16.5
70,14.6
78,20.3
96,29
73,24.2
63,21.7
53,12.1
57,18.5
39,13.6
58,23.5
41,21.2
49,15.2
28,9.7
38,8.7
29,7.3
34,7.2
38,7.9
29,7.2
26,5.3
20,3.9
19,5.1
26,5.1
24,3.8
41,4.4
29,7
48,6.4
67,25
79,31.5
75,36.8
46,18.7
43,15.5
37,11.6
38,15.8
44,20.7
41,15.8
39,17
38,13.5
35,16.2
35,4.8
27,6.5
27,5.8
21,5
14,1.7
18,0.4
8,2.6
12,1.9
18,1
30,7
30,7.7
36,7.5
68,22.9
64,28.8
53,24.3
38,14.5
43,13.2
29,12.3
60,21.7
37,24.1
36,18.9
26,10.9
47,25.3
23,8.7
24,11.1
22,6.8
20,4.6
17,6.5
22,6.8
15,5.1
13,4.1
17,4.6
23,4.6
22,5.3
48,12.3
53,13
41,12.8
46,15.7
32,10.6
18,7.5
38,15.8
44,21.9
32,11.6
27,9.2
36,11.9
37,12.6
50,18
40.967346588199,12.8510325502028
36.380891062878,10.9680862657152
32,8.4
24,8
31,6.8
25,4.8
15,4.6
12,3.4
13,1.5
22,4.1
62,7
72,12.1
70,10.2
66,20
67,18.7
40,11.3
27,8.9
29,8.2
41,9.7
26,5.5
40,8.9
43,10.4
42,9.9
47,9.9
54,13.5
55,11.1
34,8.5
27,4.8
18,3.8
10,2.7
16,1.2
14,1.2
14,1.2
25,2.5
112,13.3
95,14.8
106,26
50,8.9
51,10.8
49,11.1
59,14.3
42,16.7
35,10.4
43,14.3
43,16.4
46,12
53,10.6
64,9.9
47,12.4
48,17.2
46,15
27,13.7
24,6.9
21,3.3
21,2.1
15,1.4
16,4.5
32,4.8
56,5.8
72,10.6
44,12.6
64,15.5
60,12.5
49,9.7
57,9.2
28,7.1
39,16.9
39,8.9
34,12.7
43,11.8
52,17
72,19.2
86,18.7
36,7
33,6.9
26,5.5
27,3.8
19,3.3
17,1.9
19,0.7
20,4.8
29,6
76,10.1
86,9.7
87,17.2
85,18.9
75,17.7
58,17.8
55,17.5
36,8.6
44,7.8
50,17.2
45,13.7
57,13.7
44,12.3
46,11.8
51,12
42,11.8
50,13.7
34,13.9
29,8.9
21,5.7
27,5.5
31,6.5
34,7
54,5.8
59,9.4
65,12.3
33,10.4
36,13.3
37,18.9
33,15.9
32,13.2
29,8.9
28,12.5
24,10.4
25,14
29,10.2
45,19.5
37,15.3
43,18.5
48,16
47,17.9
42,11.5
27,7.5
23,6.3
23,5.6
23,4.6
23,4.1
30,4.3
42,4.8
42,9.7
57,14.2
45,18.9
35,15.1
56,31
